timestamp,machine_id,vibration,temperature,pressure,failure
2026-02-05 09:23:20.048222,7,4.495405489195081,65.35598832808813,28.818387356089143,0
2026-02-05 10:23:20.048222,4,3.3802580063280607,88.8897231090115,42.58894492687027,0
2026-02-05 11:23:20.048222,3,0.6547824742642023,89.22990971146262,49.009458233960444,0
2026-02-05 12:23:20.048222,8,2.8675770946065904,83.04424544113765,24.386933008093862,0
2026-02-05 13:23:20.048222,7,4.245204457427381,50.11225440711967,13.472756236767726,0
2026-02-05 14:23:20.048222,7,2.0312645063894332,98.01098607787303,39.72200497826818,0
2026-02-05 15:23:20.048222,3,4.852607880034224,54.631804055818776,20.330168255187303,0
2026-02-05 16:23:20.048222,4,1.899229187574493,75.20129974424594,13.949811184041142,0
2026-02-05 17:23:20.048222,2,1.3344259350020895,55.47155469453388,41.372065150024795,0
2026-02-05 18:23:20.048222,2,3.1976361359290606,89.95949252972268,32.42162545425468,0
2026-02-05 19:23:20.048222,9,1.8776450129140487,70.62302217279742,24.379189703764133,0
2026-02-05 20:23:20.048222,3,1.6134518688134079,64.83220376163027,17.914516286575598,0
2026-02-05 21:23:20.048222,2,0.6782931901189275,94.76895610847427,30.70855024988486,0
2026-02-05 22:23:20.048222,2,4.6249534082219155,76.27501811140031,39.76723798092897,0
2026-02-05 23:23:20.048222,5,2.9733995959560136,63.38296501419252,23.142586511932898,0
2026-02-06 00:23:20.048222,2,1.0847055590751609,99.06192792389761,45.468933670868054,0
2026-02-06 01:23:20.048222,4,4.040252268636291,88.75658726219126,12.088530787951912,0
2026-02-06 02:23:20.048222,7,1.7095167689559223,86.60907508625827,44.010423806525914,0
2026-02-06 03:23:20.048222,6,0.5352345202999698,82.30525721878868,45.56992108212509,0
2026-02-06 04:23:20.048222,3,1.4691668628858627,68.23619872619858,15.208658832127364,0
2026-02-06 05:23:20.048222,2,3.7997201182680262,51.615705269008465,33.145489179321196,0
2026-02-06 06:23:20.048222,5,3.14314318477283,82.55366704226611,16.01489190735745,0
2026-02-06 07:23:20.048222,7,3.7524198213518587,88.43673061667607,41.54793838878774,0
2026-02-06 08:23:20.048222,2,2.5178997970349766,53.14169981578082,47.85339430350008,0
2026-02-06 09:23:20.048222,1,2.569996550535852,80.59513898379569,37.268254593679956,0
2026-02-06 10:23:20.048222,5,2.506420667573499,83.23257156488948,45.174423122966736,0
2026-02-06 11:23:20.048222,5,3.449367338861768,93.55048241247545,19.343596065521332,0
2026-02-06 12:23:20.048222,5,0.7336024423212004,80.47105558396473,11.939269762159519,0
2026-02-06 13:23:20.048222,1,2.9337340350401986,62.61891889264031,31.337105237013148,0
2026-02-06 14:23:20.048222,3,2.4409213852415403,81.01640658786721,37.14423298096911,0
2026-02-06 15:23:20.048222,1,1.7087015619956647,76.95307782186893,10.133513958597579,0
2026-02-06 16:23:20.048222,3,3.765819940568388,99.74975749705388,25.073245294600518,0
2026-02-06 17:23:20.048222,5,2.168831533924146,92.88235271346583,11.67256769177985,0
2026-02-06 18:23:20.048222,9,4.613312198777446,53.41431241845117,48.152443741405165,0
2026-02-06 19:23:20.048222,5,1.7021446585331794,75.55983878312871,25.017585526329317,0
2026-02-06 20:23:20.048222,6,3.442498489245559,86.92523773451214,18.090378876706367,0
2026-02-06 21:23:20.048222,1,2.3460460320675485,55.97212949211239,24.72470401572874,0
2026-02-06 22:23:20.048222,7,4.465729934537226,93.38143785381817,14.481224043267158,0
2026-02-06 23:23:20.048222,9,2.7368653918869033,67.62715917176237,40.06318793073929,0
2026-02-07 00:23:20.048222,4,3.690450255670316,82.01488234636373,33.40535589897142,0
2026-02-07 01:23:20.048222,3,2.7790679890489107,73.5880913108858,22.073580935016622,0
2026-02-07 02:23:20.048222,3,1.1580080853708346,75.61904086928271,12.918594958209857,0
2026-02-07 03:23:20.048222,2,1.2345693675962557,97.65437512995233,42.971538161714676,0
2026-02-07 04:23:20.048222,6,3.5588480978431467,97.39059840167668,15.093678025189966,0
2026-02-07 05:23:20.048222,8,4.099423733601922,73.08253797161328,42.229746025825094,0
2026-02-07 06:23:20.048222,3,3.5852590408697904,70.10281538217018,35.714492513418676,0
2026-02-07 07:23:20.048222,4,2.0014132396383535,56.35456626440986,10.223282970718351,0
2026-02-07 08:23:20.048222,5,3.60318510636365,60.16614787509418,35.14264876677254,0
2026-02-07 09:23:20.048222,6,1.006759911070099,67.97187232719136,26.823466274891125,0
2026-02-07 10:23:20.048222,2,3.767940241073534,93.53189118740276,10.303346531688003,0
2026-02-07 11:23:20.048222,4,3.3136916597223056,96.53962099218364,16.709477069417247,0
2026-02-07 12:23:20.048222,8,2.867732911345965,84.52451166086054,16.095602832652038,0
2026-02-07 13:23:20.048222,9,1.1606198709272997,77.70573409224853,12.584249378107817,0
2026-02-07 14:23:20.048222,3,1.6211775184235115,91.97241823077633,34.47915186731376,0
2026-02-07 15:23:20.048222,3,4.188566329792099,71.04605151610673,41.94481149736882,0
2026-02-07 16:23:20.048222,2,4.864866042167306,93.27296916553252,12.41139161732509,0
2026-02-07 17:23:20.048222,7,1.2917821891612884,91.08171016576168,48.35116659876904,0
2026-02-07 18:23:20.048222,9,3.9223387002560446,94.42741097913932,45.69073927106886,0
2026-02-07 19:23:20.048222,3,2.4234380176719097,95.35883079524228,24.35925018109621,0
2026-02-07 20:23:20.048222,9,4.637845494745675,71.91808138939439,15.297614779110829,0
2026-02-07 21:23:20.048222,9,4.756676849705185,91.85680305139111,44.75940851935677,0
2026-02-07 22:23:20.048222,6,2.774491952835726,73.97896671576486,48.389637313647185,0
2026-02-07 23:23:20.048222,5,0.6215523099395396,77.13248190133552,39.30903188677088,0
2026-02-08 00:23:20.048222,4,4.868696384939163,58.83563924409057,40.986449321261595,0
2026-02-08 01:23:20.048222,1,4.224320502203959,51.444693214418145,23.796122626505,0
2026-02-08 02:23:20.048222,9,4.900643753711206,52.54640926027023,38.25523738568431,0
2026-02-08 03:23:20.048222,2,4.0312108865007055,77.41455173278338,47.25766375914483,0
2026-02-08 04:23:20.048222,9,3.470458832357399,51.510514272162744,46.8407752084058,0
2026-02-08 05:23:20.048222,6,2.0762684222453482,59.29200087040135,17.774477113855944,0
2026-02-08 06:23:20.048222,6,4.981986788433774,56.90724856759628,21.623066081186586,0
2026-02-08 07:23:20.048222,2,3.7430576809203915,81.6462309717774,20.12315441696288,0
2026-02-08 08:23:20.048222,3,3.44285716908048,99.55654854163504,49.63872894716212,0
2026-02-08 09:23:20.048222,9,2.59398016103871,51.983358600823664,10.33763494404723,0
2026-02-08 10:23:20.048222,8,1.4882919702674413,68.70366438973473,41.703451509989904,0
2026-02-08 11:23:20.048222,8,4.668819413417646,86.66466751352716,24.61847855691961,0
2026-02-08 12:23:20.048222,5,3.396223449012467,62.593645516221784,43.88373787378289,0
2026-02-08 13:23:20.048222,3,4.0209239128133865,97.97176232072184,25.134332848082217,0
2026-02-08 14:23:20.048222,8,3.271691496135916,96.55432746687629,33.85217630617362,0
2026-02-08 15:23:20.048222,1,3.8037939452560314,81.79711617980573,15.40017927155018,0
2026-02-08 16:23:20.048222,7,1.0829850966696175,78.02169310860168,36.571014466180195,0
2026-02-08 17:23:20.048222,5,4.1050872910160985,75.3689755387615,28.71257463485845,0
2026-02-08 18:23:20.048222,5,4.0494395029484025,95.69079665616425,41.12871627217455,0
2026-02-08 19:23:20.048222,1,2.1033045269707493,60.81214284318625,27.628463347991495,0
2026-02-08 20:23:20.048222,7,3.7826695827857484,65.21366552842431,11.375185811748043,0
2026-02-08 21:23:20.048222,5,4.349401052272413,95.94123026446738,35.0902900895309,0
2026-02-08 22:23:20.048222,6,3.532875093532169,64.69566015664626,38.378407918343854,0
2026-02-08 23:23:20.048222,1,2.0644179557558515,81.89019742666312,12.221144947970304,0
2026-02-09 00:23:20.048222,3,1.4026378289744423,51.93775320362313,49.64319874857416,0
2026-02-09 01:23:20.048222,3,1.4658429004085538,57.864094135047274,26.523079662243095,0
2026-02-09 02:23:20.048222,5,0.7753345860500565,71.8818488362651,44.04044382653816,0
2026-02-09 03:23:20.048222,5,2.293881861999121,63.757736924969706,41.54471945028604,0
2026-02-09 04:23:20.048222,2,2.822094163427137,72.9352627929874,24.661151974831448,0
2026-02-09 05:23:20.048222,7,1.3166958162908855,94.95203662737046,14.103868892663897,0
2026-02-09 06:23:20.048222,3,4.959695584697989,88.83908017826172,12.190518113632379,0
2026-02-09 07:23:20.048222,1,3.3913866407446114,73.92847621309443,15.806931854787575,0
2026-02-09 08:23:20.048222,3,1.5554303213458907,51.00830576516882,33.13410736171921,0
2026-02-09 09:23:20.048222,6,2.846406422535824,65.96804821291056,24.90788151861366,0
2026-02-09 10:23:20.048222,7,2.40391829471471,98.23286609762545,42.29818082697096,0
2026-02-09 11:23:20.048222,2,3.3353989028210114,57.18458256345169,40.61299421802583,0
2026-02-09 12:23:20.048222,2,3.2668324688725834,87.30711686193074,28.23246519041673,0
2026-02-09 13:23:20.048222,7,3.2424691597122126,81.49027563148871,29.867526487421962,0
2026-02-09 14:23:20.048222,6,4.322963632110865,57.38616123907739,18.341538825213725,0
2026-02-09 15:23:20.048222,1,1.951420323921808,71.02738917034397,34.07742956856275,0
2026-02-09 16:23:20.048222,8,2.283793186850331,73.64194703403814,28.773643502221013,0
2026-02-09 17:23:20.048222,7,2.119180197195455,93.60753088718944,39.14064077262512,0
2026-02-09 18:23:20.048222,7,3.8073383342226457,97.02191178852213,15.371759690272953,0
2026-02-09 19:23:20.048222,7,3.0644126098732696,98.67262796331735,46.11548517174179,0
2026-02-09 20:23:20.048222,4,1.6023815491133189,93.15787347324134,11.415388167625814,0
2026-02-09 21:23:20.048222,6,0.7606379510205508,76.1382206987087,43.35921244554163,0
2026-02-09 22:23:20.048222,1,2.374725141022926,50.32929198102012,14.87661694536265,0
2026-02-09 23:23:20.048222,8,2.715640477575769,99.62467591596013,48.32225084560115,0
2026-02-10 00:23:20.048222,9,2.4573053158538274,88.88339676283407,39.69652835481988,0
2026-02-10 01:23:20.048222,6,1.2610506737883869,54.67690752196979,29.15106289481825,0
2026-02-10 02:23:20.048222,7,1.3819869499132391,66.82007860534723,41.356278488989375,0
2026-02-10 03:23:20.048222,6,2.2268304861902033,60.14773793265289,35.24262297407362,0
2026-02-10 04:23:20.048222,5,1.6455068283751269,69.60193715425348,19.652312097543934,0
2026-02-10 05:23:20.048222,7,2.892497468124096,67.0266579661212,18.68111814796661,0
2026-02-10 06:23:20.048222,8,1.2275227023095165,71.34772972041323,14.833370350701545,0
2026-02-10 07:23:20.048222,5,4.265510289729385,59.326037609456236,40.28992379558682,0
2026-02-10 08:23:20.048222,1,2.7886961316547243,93.05320014638247,38.12604390977089,0
2026-02-10 09:23:20.048222,8,2.6953283987167382,72.85745721723904,43.44977528538248,0
2026-02-10 10:23:20.048222,7,2.956905282569156,95.93899219328301,13.171071408433171,1
2026-02-10 11:23:20.048222,8,2.3023743817318048,60.16828565030758,40.21490993852075,0
2026-02-10 12:23:20.048222,2,2.922583265062332,51.08377525604784,39.743351210535494,0
2026-02-10 13:23:20.048222,3,3.417351219103081,84.81566944454462,18.097496501766383,0
2026-02-10 14:23:20.048222,9,2.313257654921701,82.1171398189659,32.63252546802399,0
2026-02-10 15:23:20.048222,4,4.119339094352146,59.60734450970382,27.120086017128642,0
2026-02-10 16:23:20.048222,9,3.277812312182278,77.59667396515545,25.008654852007894,0
2026-02-10 17:23:20.048222,8,3.672545839562816,60.87282281815856,27.07918131366249,0
2026-02-10 18:23:20.048222,2,4.001190595577139,70.39509438720371,11.23055636686928,0
2026-02-10 19:23:20.048222,5,3.004919397596254,67.81963947934045,34.49818305539522,0
2026-02-10 20:23:20.048222,9,0.8379083837509499,96.58832288483885,45.40385154776583,0
2026-02-10 21:23:20.048222,1,2.8536486105651844,70.58848829264755,27.167458508449904,0
2026-02-10 22:23:20.048222,3,3.4000345149291302,93.58341100833053,46.21109153431795,0
2026-02-10 23:23:20.048222,3,4.523692830730526,89.39230634646549,33.01641933949897,0
2026-02-11 00:23:20.048222,3,1.1910754759831494,76.64286884244368,37.8142491133918,0
2026-02-11 01:23:20.048222,3,4.4012309049722464,86.9029272227935,23.443394983141488,0
2026-02-11 02:23:20.048222,8,3.2932376627324214,53.81184535929338,43.236709545626965,0
2026-02-11 03:23:20.048222,9,4.1414199646822745,97.57629117883587,46.485164340929174,0
2026-02-11 04:23:20.048222,2,1.8092320253098897,72.94300399826889,34.7051077700698,0
2026-02-11 05:23:20.048222,5,4.067521852681663,98.14350592603859,35.95745423099618,0
2026-02-11 06:23:20.048222,5,2.142823439266771,50.51276705110149,34.236234649415664,0
2026-02-11 07:23:20.048222,7,2.00813989559069,73.02395743023818,31.839943568699816,0
2026-02-11 08:23:20.048222,3,4.82579016897567,72.41731136837458,24.75259616811607,0
2026-02-11 09:23:20.048222,1,1.7387100965091022,81.71969734037916,11.218666055484391,0
2026-02-11 10:23:20.048222,9,3.8071676998365476,60.666407084124714,38.39847428554085,0
2026-02-11 11:23:20.048222,6,4.98309794447549,54.883533867904674,29.635288824092598,0
2026-02-11 12:23:20.048222,5,2.1141010306081816,82.01591510091689,23.384987351479914,0
2026-02-11 13:23:20.048222,1,2.203202822051835,73.13200975109324,12.378710947659442,0
2026-02-11 14:23:20.048222,5,3.2088980282397577,72.70144632680838,26.644624508657024,0
2026-02-11 15:23:20.048222,9,2.4470330402924385,57.10481627153264,14.302181822699346,0
2026-02-11 16:23:20.048222,2,1.3216091269546384,79.52690075195363,24.555643782303807,0
2026-02-11 17:23:20.048222,5,3.106279785727096,88.12814582389507,11.245346889120587,0
2026-02-11 18:23:20.048222,2,2.760746562454011,88.14794229797991,14.188226409272184,1
2026-02-11 19:23:20.048222,4,2.598713734884612,55.17385989187299,34.6444783575669,0
2026-02-11 20:23:20.048222,8,1.6732400832549628,54.262707561082294,34.34778433207174,0
2026-02-11 21:23:20.048222,7,0.7870572848896391,98.80739567358822,22.74131802449448,0
2026-02-11 22:23:20.048222,8,2.5362342336426744,58.6879986461578,42.908001773423585,0
2026-02-11 23:23:20.048222,5,4.029392366038895,72.47845028295872,11.203803048223918,0
2026-02-12 00:23:20.048222,9,4.743589398729713,78.37571848091466,36.01610382901721,0
2026-02-12 01:23:20.048222,1,2.1818813184160004,91.05682848421398,37.95076369243582,0
2026-02-12 02:23:20.048222,5,4.522286105528631,80.62682133408242,20.41520121671446,0
2026-02-12 03:23:20.048222,2,0.8824238095461194,68.22748135158355,42.69227594910417,0
2026-02-12 04:23:20.048222,9,3.1429511473115497,50.722307923633394,49.54827987529935,0
2026-02-12 05:23:20.048222,5,1.8136563073092862,93.14429629042834,46.596568368141355,0
2026-02-12 06:23:20.048222,7,2.745877079132342,68.94507697141674,24.097011287442605,0
2026-02-12 07:23:20.048222,6,2.2919728636203756,92.69285577541191,37.15983937139265,0
2026-02-12 08:23:20.048222,1,2.9888486319321013,74.07862027011583,23.270873278608335,0
2026-02-12 09:23:20.048222,3,1.460295479066128,50.4349683602431,22.775348476740774,0
2026-02-12 10:23:20.048222,7,4.447143928289175,99.14236881018718,17.71246142116144,0
2026-02-12 11:23:20.048222,2,1.0138162478200636,67.53998431521715,48.02928748154848,0
2026-02-12 12:23:20.048222,9,3.9438616836626292,81.26741287268415,27.182510206626922,0
2026-02-12 13:23:20.048222,5,3.7045476255596728,61.08704212659748,37.30667401925167,0
2026-02-12 14:23:20.048222,4,2.7839455551184593,75.29632597556542,42.73881539753883,0
2026-02-12 15:23:20.048222,9,2.7061272256616995,78.88054030212072,41.8097232694246,0
2026-02-12 16:23:20.048222,8,3.773593825744715,89.31849475000033,34.20007426400815,0
2026-02-12 17:23:20.048222,1,1.9460555868360316,78.23398853556156,45.71920000898322,0
2026-02-12 18:23:20.048222,5,0.5423848908418644,92.35564155023764,10.1309908556129,0
2026-02-12 19:23:20.048222,1,2.3980767344923364,92.41980459539727,18.220774012382638,0
2026-02-12 20:23:20.048222,2,4.518036464765944,65.25507247918165,27.77747924005859,0
2026-02-12 21:23:20.048222,5,0.6148889244260793,65.4019184458368,12.599948923467688,0
2026-02-12 22:23:20.048222,5,4.285389759887821,54.57662755381037,43.02942214244081,0
2026-02-12 23:23:20.048222,3,2.274556212871292,55.64796445315051,19.125517762345822,0
2026-02-13 00:23:20.048222,8,0.9000904193409731,60.83893796252535,25.90061248280451,0
2026-02-13 01:23:20.048222,8,2.1462735173469114,79.42110518134015,25.21935219222864,0
2026-02-13 02:23:20.048222,2,4.382067932195103,80.72527662790478,44.97141008627071,0
2026-02-13 03:23:20.048222,8,2.2287316650191062,73.68948609074135,17.044393237186164,0
2026-02-13 04:23:20.048222,1,2.3801280154415303,98.79873841222849,32.34151331118033,0
2026-02-13 05:23:20.048222,4,2.1047519435057707,55.50779683983264,39.833056772903156,0
2026-02-13 06:23:20.048222,6,1.8820004848635643,78.91733196793648,15.769066954795026,0
2026-02-13 07:23:20.048222,2,4.52318584836961,71.3458608770101,13.049202839295386,0
2026-02-13 08:23:20.048222,9,3.2073524147281685,50.135375991796415,37.59360657633794,0
2026-02-13 09:23:20.048222,1,4.28134346453948,96.83751047824524,35.653301636644784,0
2026-02-13 10:23:20.048222,5,1.1431357319117694,89.1642391251942,47.49501250309361,1
2026-02-13 11:23:20.048222,2,3.9266433969456593,84.17439076295577,47.38942233243138,0
2026-02-13 12:23:20.048222,6,2.9289578483468666,67.91404957432576,14.112061024128607,0
2026-02-13 13:23:20.048222,2,1.1870167430787082,87.11211109129835,35.254836356037764,0
2026-02-13 14:23:20.048222,9,1.487099814086951,57.474357904091946,41.46293575905371,0
2026-02-13 15:23:20.048222,2,2.6544937877777337,69.24769940700975,26.89435279628128,0
2026-02-13 16:23:20.048222,4,2.031065914060722,89.40454320017272,24.497901955155807,0
2026-02-13 17:23:20.048222,9,0.7870918602369543,84.79120544384872,44.68234894352141,0
2026-02-13 18:23:20.048222,8,4.1686293874355655,73.4880405523161,18.784836889449256,0
2026-02-13 19:23:20.048222,1,1.443823644142368,68.779350726364,24.123115702951022,0
2026-02-13 20:23:20.048222,7,4.029754959531264,50.25107855820512,37.567770400659825,0
2026-02-13 21:23:20.048222,8,4.192551627746255,98.1177723268942,48.23776925712078,0
2026-02-13 22:23:20.048222,9,4.261145404418688,96.8330843368692,44.29339806541867,0
2026-02-13 23:23:20.048222,3,4.06257732070311,78.13606647822358,45.65429459667483,0
2026-02-14 00:23:20.048222,1,1.223507425894909,67.62381296992777,37.46960436850526,0
2026-02-14 01:23:20.048222,2,3.1312226474400973,86.52018850222484,13.722496777819897,0
2026-02-14 02:23:20.048222,8,1.3475596396852279,55.132694025912386,42.837542672517586,0
2026-02-14 03:23:20.048222,2,1.6377435058047296,70.00243157403426,46.88393631106565,0
2026-02-14 04:23:20.048222,8,3.7740004263822065,83.73876525896706,45.41271952745893,0
2026-02-14 05:23:20.048222,7,3.6300685781781863,65.16991735018058,18.23810921321094,0
2026-02-14 06:23:20.048222,2,2.05761737661644,70.33542204045982,40.042989638288596,0
2026-02-14 07:23:20.048222,6,4.527813401875855,64.76716479575315,45.631098090024466,0
2026-02-14 08:23:20.048222,7,2.890691579818126,70.24086814371287,32.41742783344162,0
2026-02-14 09:23:20.048222,1,4.11627718256932,93.51802654834762,37.82829960095571,0
2026-02-14 10:23:20.048222,8,1.4890596083805454,55.39195150148213,11.361649098283548,0
2026-02-14 11:23:20.048222,3,3.0942731983955882,72.06981466257412,48.832746240684614,0
2026-02-14 12:23:20.048222,3,3.5758926885862374,66.74656953934783,21.41378696712275,0
2026-02-14 13:23:20.048222,2,1.9566815786142908,52.21921335178579,11.615674912734972,1
2026-02-14 14:23:20.048222,5,1.925724904792295,73.31972797217385,32.30604353363425,0
2026-02-14 15:23:20.048222,4,2.551029301550522,90.24668107420658,29.953307630335214,0
2026-02-14 16:23:20.048222,7,1.8952173835921897,71.8143169877578,10.797413745562828,0
2026-02-14 17:23:20.048222,5,0.5638407799360393,71.72225527476661,44.3156425112164,0
2026-02-14 18:23:20.048222,6,2.6238763695771166,88.16413729699988,48.283247717781364,0
2026-02-14 19:23:20.048222,4,3.1012907969358294,52.36370244970339,37.44583481580078,0
2026-02-14 20:23:20.048222,3,3.4428664652469196,68.66406129668357,40.745439683667115,0
2026-02-14 21:23:20.048222,7,4.690152352876725,65.57563834367785,47.27027330617024,0
2026-02-14 22:23:20.048222,8,1.2260448789118148,74.79820259483583,36.93803811283622,0
2026-02-14 23:23:20.048222,9,1.932301969461244,84.01556155738507,25.985021955679134,0
2026-02-15 00:23:20.048222,6,3.421583178260052,89.92526303757147,16.337600674238534,0
2026-02-15 01:23:20.048222,8,0.7111436396460099,99.06190669798701,13.619696263837199,0
2026-02-15 02:23:20.048222,7,4.7135670593399235,96.63057654724233,48.87854771306969,0
2026-02-15 03:23:20.048222,2,3.245688438409231,69.03028755274502,49.499781210760204,0
2026-02-15 04:23:20.048222,9,2.6015996495911446,67.2572409563486,43.10477038389834,0
2026-02-15 05:23:20.048222,5,2.9522912145624685,91.48735443110716,38.061946282021246,0
2026-02-15 06:23:20.048222,4,4.919002587555872,90.16010491819543,28.93118999256544,0
2026-02-15 07:23:20.048222,2,1.8344128446913044,66.71438209713992,37.09972861245622,0
2026-02-15 08:23:20.048222,1,1.2120110683252305,77.91090715789812,29.68500120228348,0
2026-02-15 09:23:20.048222,1,1.4710828718825042,76.64139093555644,20.858671190725605,0
2026-02-15 10:23:20.048222,1,2.499129578137207,89.13809838851165,49.35205812314817,0
2026-02-15 11:23:20.048222,3,3.057727537860343,60.9542185154817,41.42984683246614,0
2026-02-15 12:23:20.048222,3,2.5680695411306833,89.61470529284372,33.567392819147805,0
2026-02-15 13:23:20.048222,8,3.1885824025191045,71.61714876146229,12.511650584711713,0
2026-02-15 14:23:20.048222,6,4.2608218674852925,52.10519697806088,28.478701160651188,0
2026-02-15 15:23:20.048222,5,0.7784513754936511,72.54482364747528,48.68288641553414,0
2026-02-15 16:23:20.048222,3,3.4415227201625007,72.6196387775555,12.852619805612244,0
2026-02-15 17:23:20.048222,6,4.561153017432338,51.528721832663436,19.771938301786687,0
2026-02-15 18:23:20.048222,3,1.7979733348159015,81.014030323326,38.493944263892246,0
2026-02-15 19:23:20.048222,4,1.3865162734264507,52.45416455090934,39.504653525968315,0
2026-02-15 20:23:20.048222,3,3.283835320093476,92.45847410686312,23.09413039832667,0
2026-02-15 21:23:20.048222,7,2.3282085369891927,88.77399351334469,32.008838219235344,0
2026-02-15 22:23:20.048222,4,1.5533194128810717,67.86397186727397,23.881948658962155,0
2026-02-15 23:23:20.048222,2,2.0008610268370988,64.24140162222884,16.230141516657696,0
2026-02-16 00:23:20.048222,3,4.722223651807749,89.24428704532856,45.60471989827579,0
2026-02-16 01:23:20.048222,1,2.7484129839547204,72.75040075008454,41.34359205204795,0
2026-02-16 02:23:20.048222,7,3.6542406611606646,57.668967152393016,46.67978565446081,0
2026-02-16 03:23:20.048222,3,1.13257750644064,84.96645937766598,32.851637826160754,0
2026-02-16 04:23:20.048222,3,2.934000367979784,86.25054257669942,35.0265478851361,0
2026-02-16 05:23:20.048222,3,4.703639274633705,57.35857218431122,13.557630768325119,0
2026-02-16 06:23:20.048222,4,4.424529311568783,74.62190785103769,18.543969660254398,0
2026-02-16 07:23:20.048222,3,1.1264823371080925,67.86112155534938,11.628825248891719,1
2026-02-16 08:23:20.048222,1,3.128483286381444,84.1616629706528,40.64564253095868,0
2026-02-16 09:23:20.048222,7,4.2554628292839105,96.39705223988915,21.21283776058391,0
2026-02-16 10:23:20.048222,8,1.841219506844562,89.33757908294112,10.396011270566149,0
2026-02-16 11:23:20.048222,9,3.5176058320510553,51.07556177727612,25.783818171780958,0
2026-02-16 12:23:20.048222,9,1.056620612157218,66.0409648841995,49.80744071396711,0
2026-02-16 13:23:20.048222,6,3.092177101602909,68.77296411387405,14.969639159444036,0
2026-02-16 14:23:20.048222,9,4.768543118369109,67.01129467045669,18.132445411763925,0
2026-02-16 15:23:20.048222,2,3.139433569723615,63.5955531623014,32.73160557787442,0
2026-02-16 16:23:20.048222,5,2.4756520408950724,75.03387115669715,40.81830005900524,0
2026-02-16 17:23:20.048222,2,3.1937261818512823,53.163029565745994,46.78432580364334,0
2026-02-16 18:23:20.048222,7,1.2740715882422868,83.40156859904579,14.787131875511005,0
2026-02-16 19:23:20.048222,2,0.9370921172716362,50.8340508888455,32.310948641391235,0
2026-02-16 20:23:20.048222,2,2.7494564167993936,70.22576143746247,14.522708817624789,0
2026-02-16 21:23:20.048222,8,3.309925145866522,63.34285355382204,37.525800348095345,0
2026-02-16 22:23:20.048222,7,1.865627540840078,71.92540837299461,46.972414870036246,0
2026-02-16 23:23:20.048222,3,2.02841236545608,72.71395610362046,16.58209684064847,0
2026-02-17 00:23:20.048222,9,2.6982509398953627,58.22384853869865,25.345360368249665,0
2026-02-17 01:23:20.048222,3,1.386090306111807,60.326177086647924,13.439448726407832,0
2026-02-17 02:23:20.048222,6,2.1095487828151045,55.76913566839085,31.39535038010862,0
2026-02-17 03:23:20.048222,3,0.8714647098533892,84.72689946583789,13.53451814253134,0
2026-02-17 04:23:20.048222,1,1.909702404262166,82.4482517843627,16.070284806537487,0
2026-02-17 05:23:20.048222,1,0.6250025890477662,59.791155800058775,15.970240646377594,0
2026-02-17 06:23:20.048222,9,3.3879317138247194,55.74514015690174,34.16238032096608,0
2026-02-17 07:23:20.048222,7,3.2358816412763765,99.11393905325639,35.264999114932344,0
2026-02-17 08:23:20.048222,7,1.6922669351240471,51.10178421160418,17.987660023098112,0
2026-02-17 09:23:20.048222,3,3.9411296384509984,99.14037205725042,38.824405983046546,0
2026-02-17 10:23:20.048222,1,1.0684510909246732,91.95406748763094,37.81849907895348,0
2026-02-17 11:23:20.048222,7,1.3057687539812044,82.76335980893376,28.257263284902677,0
2026-02-17 12:23:20.048222,5,4.289870392264967,58.2288412810886,21.693233384026502,0
2026-02-17 13:23:20.048222,9,3.8337762543006075,77.44023496311328,39.900580596213366,0
2026-02-17 14:23:20.048222,8,4.8761812565767,86.49578705929586,39.621825468174336,0
2026-02-17 15:23:20.048222,2,2.5317835849870374,56.0821137654437,27.089624010591162,0
2026-02-17 16:23:20.048222,9,2.8309139623533865,81.76934416759913,26.00708879735008,0
2026-02-17 17:23:20.048222,1,1.7469784165185658,92.10293565355532,34.06910619309548,1
2026-02-17 18:23:20.048222,6,1.0132257431154992,78.82834053345096,36.648102122404794,0
2026-02-17 19:23:20.048222,6,3.6927304615599383,59.03913965320328,38.530385976450425,0
2026-02-17 20:23:20.048222,7,1.6392463761517635,95.41922928629273,12.535376194432,0
2026-02-17 21:23:20.048222,3,0.8479991531359757,98.15061744007056,26.576184318352123,0
2026-02-17 22:23:20.048222,3,4.002807901475318,95.17579104691399,17.564219743934515,0
2026-02-17 23:23:20.048222,4,4.575005056962777,54.08050897572465,31.183182512179,0
2026-02-18 00:23:20.048222,2,0.8551791860712363,95.91158420581493,48.71085681577562,0
2026-02-18 01:23:20.048222,8,1.4092557672935786,90.38229500057147,34.91604004981834,0
2026-02-18 02:23:20.048222,1,1.580262057751796,97.98837799280503,30.9889218439432,0
2026-02-18 03:23:20.048222,6,1.6702619594723231,69.59313624166204,30.789310921646003,0
2026-02-18 04:23:20.048222,7,2.0058185173386933,53.08444084033679,49.14353259758488,0
2026-02-18 05:23:20.048222,8,1.4469894861845862,59.615184300832276,34.357395015060575,0
2026-02-18 06:23:20.048222,4,3.210771885959454,54.18796187367976,47.13878450875872,0
2026-02-18 07:23:20.048222,6,4.616064029840467,86.89686912349043,48.707933038046406,0
2026-02-18 08:23:20.048222,5,4.441127704587065,58.59823935480932,20.755298204417247,0
2026-02-18 09:23:20.048222,8,1.323962770810974,68.07245690350781,23.564248522661607,0
2026-02-18 10:23:20.048222,9,2.7131840787668384,87.3408172398818,22.57516205620351,0
2026-02-18 11:23:20.048222,9,3.9684650842811773,54.49066979643056,43.172850645851675,0
2026-02-18 12:23:20.048222,1,4.628892848058544,63.94121573702103,47.103515732693765,0
2026-02-18 13:23:20.048222,3,3.736303284409087,80.27161968377936,29.881925029245,0
2026-02-18 14:23:20.048222,4,4.921810254700623,72.51981992241465,39.99423746572223,0
2026-02-18 15:23:20.048222,3,0.9934957637802122,92.6983384573665,19.933488463214925,0
2026-02-18 16:23:20.048222,2,2.0830814829983293,82.93076757338609,33.24280352986609,0
2026-02-18 17:23:20.048222,2,0.964230760317663,68.09688482689191,48.211451358028164,0
2026-02-18 18:23:20.048222,9,4.2089821265625575,61.538823616600254,13.61628970190333,0
2026-02-18 19:23:20.048222,5,0.6673674749211458,95.4808382599172,41.16224478476009,0
2026-02-18 20:23:20.048222,3,1.7905825001937665,77.95743894727934,19.425563207765517,0
2026-02-18 21:23:20.048222,8,1.326042433203542,66.7804846155322,30.83323162264537,0
2026-02-18 22:23:20.048222,9,4.47765707635129,98.96131815738232,23.80287387907455,0
2026-02-18 23:23:20.048222,5,1.489281816087529,65.94958357743677,10.22214183433174,0
2026-02-19 00:23:20.048222,1,3.1009797490025197,89.2899865086178,32.04359547810053,0
2026-02-19 01:23:20.048222,2,2.7828383231525837,77.09339344699653,34.96352135032441,0
2026-02-19 02:23:20.048222,5,3.613857169309614,98.23058098334988,29.320709075263615,0
2026-02-19 03:23:20.048222,6,1.659063721341869,92.51046501155983,13.180119428816015,0
2026-02-19 04:23:20.048222,6,2.4702996595410474,51.791050834620364,32.967344909888,0
2026-02-19 05:23:20.048222,2,1.5896622811085668,99.5866781374932,39.940497428679194,0
2026-02-19 06:23:20.048222,4,3.797570462000225,99.96362642223319,13.185561894790876,0
2026-02-19 07:23:20.048222,4,2.653139004555377,60.404163102076794,13.623952938354634,0
2026-02-19 08:23:20.048222,2,4.509329617436135,92.17664821638334,14.56686671597312,0
2026-02-19 09:23:20.048222,9,2.8613421207740046,94.89385123784268,46.63912707031382,0
2026-02-19 10:23:20.048222,4,0.7968316866707552,93.95542995967158,49.48112038866343,0
2026-02-19 11:23:20.048222,6,2.874059836178677,71.3377413865194,26.716010949048897,0
2026-02-19 12:23:20.048222,8,1.2387298531658755,89.60214793382679,22.657151930213995,0
2026-02-19 13:23:20.048222,6,3.660426929105617,56.304735769962505,20.47849828003894,0
2026-02-19 14:23:20.048222,5,4.432329857538399,50.32777497488466,42.7653069266142,0
2026-02-19 15:23:20.048222,4,3.90021568387187,98.43280238031612,26.802595762531368,0
2026-02-19 16:23:20.048222,9,4.081902102374207,69.79842161669254,18.66330095091159,0
2026-02-19 17:23:20.048222,9,1.579188697347882,79.67352559634217,14.469627834027477,0
2026-02-19 18:23:20.048222,5,3.136846283011393,52.846225690373615,33.24135838597232,0
2026-02-19 19:23:20.048222,7,4.971812819267187,83.62765067051754,24.866111076447158,0
2026-02-19 20:23:20.048222,8,0.6605463471994542,82.6485834995438,32.251840863257996,0
2026-02-19 21:23:20.048222,5,1.9972326030008758,50.34865447715125,42.133079220941795,0
2026-02-19 22:23:20.048222,9,3.6700344721362606,70.47867748057438,26.21423030574195,0
2026-02-19 23:23:20.048222,7,1.8611688729823421,98.50833677758811,21.527031558321802,0
2026-02-20 00:23:20.048222,8,3.4155642933345196,59.570227081158656,36.50312811964589,0
2026-02-20 01:23:20.048222,2,3.872299791431284,86.97315977545813,17.262824222975816,0
2026-02-20 02:23:20.048222,1,2.50453425083633,91.23864359052769,36.151536024302644,0
2026-02-20 03:23:20.048222,5,2.434354603870652,57.540916026035035,41.94728184009183,0
2026-02-20 04:23:20.048222,1,1.8101798239949627,83.17631030726103,20.154111270634132,0
2026-02-20 05:23:20.048222,4,0.9496097194656921,74.7885250222675,38.754190586934584,0
2026-02-20 06:23:20.048222,8,1.8591203370244869,65.69062496628122,35.97081869895875,0
2026-02-20 07:23:20.048222,9,3.2685070162178604,94.30040535683,10.570257737859134,0
2026-02-20 08:23:20.048222,7,2.530225541799812,97.72638254292637,29.353269146370636,0
2026-02-20 09:23:20.048222,9,1.3233146610383164,52.19050857345612,15.714045320397556,0
2026-02-20 10:23:20.048222,1,1.5979635788427509,52.50349602806384,41.288095022430156,0
2026-02-20 11:23:20.048222,2,3.844216222396577,79.56023116460193,39.449643080122556,0
2026-02-20 12:23:20.048222,3,4.187840785433131,89.53140199970977,18.789499206235458,0
2026-02-20 13:23:20.048222,7,1.5674030108792762,91.45692382424897,34.987333288134835,0
2026-02-20 14:23:20.048222,2,2.9355422702570118,91.146801988857,46.70653415225513,0
2026-02-20 15:23:20.048222,1,3.4149030844766988,81.99437786118223,32.59240938574008,0
2026-02-20 16:23:20.048222,6,3.77885137952843,75.56025718471754,13.673328714469397,0
2026-02-20 17:23:20.048222,4,2.824715329320728,82.57039597607951,28.570084298663488,0
2026-02-20 18:23:20.048222,1,4.885608467089748,62.40121988379178,28.0087330671784,0
2026-02-20 19:23:20.048222,5,3.946507741625733,75.42463302952712,41.30640439724375,0
2026-02-20 20:23:20.048222,7,2.1599749204654146,58.23934027429299,36.863267303381605,0
2026-02-20 21:23:20.048222,2,2.2118367026068233,54.52646323262264,12.68957712623186,0
2026-02-20 22:23:20.048222,8,0.5216028586432193,74.53921808420986,36.34143025991675,0
2026-02-20 23:23:20.048222,5,2.553440462523019,90.11941774064505,24.546269463760716,0
2026-02-21 00:23:20.048222,2,3.524851151171379,87.55945746499258,39.78226524984635,0
2026-02-21 01:23:20.048222,4,3.2941139698683575,64.2850390394617,18.707868331346035,0
2026-02-21 02:23:20.048222,5,4.837207075445236,86.73792518070276,30.97030624111481,0
2026-02-21 03:23:20.048222,5,3.820321283594881,88.63537816359589,36.18758453864173,0
2026-02-21 04:23:20.048222,9,1.7088084328019373,50.19925259872031,46.73648201776384,0
2026-02-21 05:23:20.048222,4,4.527470780588641,67.30590964362949,11.856582787485976,0
2026-02-21 06:23:20.048222,7,1.5877046192309727,72.30225081540301,41.921281117832,0
2026-02-21 07:23:20.048222,5,4.350473832649943,89.08590063324559,33.78483034581209,0
2026-02-21 08:23:20.048222,7,3.9691371961936692,90.64480828437047,37.92837017193362,0
2026-02-21 09:23:20.048222,2,2.2541193957678725,98.67956405442182,38.4100587875809,0
2026-02-21 10:23:20.048222,5,3.457910971591457,99.01040775496958,11.461720357902054,0
2026-02-21 11:23:20.048222,7,4.905333455028711,67.33401648968028,48.94039723957626,0
2026-02-21 12:23:20.048222,9,2.3359593414738202,80.03944620694453,12.116198436442458,0
2026-02-21 13:23:20.048222,2,1.3579992056478913,83.94441527425467,46.46932921542902,0
2026-02-21 14:23:20.048222,8,3.7935931977594013,53.366084830213204,43.96921294706889,0
2026-02-21 15:23:20.048222,3,4.41556249570419,70.6857468888671,28.867362308959233,0
2026-02-21 16:23:20.048222,8,2.3364682919340183,70.35545743610868,34.017992695213366,0
2026-02-21 17:23:20.048222,1,2.3765081529287673,76.25483442598359,10.810185341946145,0
2026-02-21 18:23:20.048222,1,1.7926529052575113,96.80897137966758,34.17200837174254,0
2026-02-21 19:23:20.048222,7,2.0899548301116426,62.31874607466044,34.92721877467669,0
2026-02-21 20:23:20.048222,5,0.9793263245357933,91.18134397029996,10.099084610174959,0
2026-02-21 21:23:20.048222,1,3.7338501432779188,54.93673984356126,21.07136497900891,0
2026-02-21 22:23:20.048222,3,1.1614735636947342,69.1144039378228,31.166236714943118,0
2026-02-21 23:23:20.048222,8,2.3921586279734592,70.56482524742526,25.576710257801686,0
2026-02-22 00:23:20.048222,9,4.7802086272498805,96.03163759122103,14.74031681102138,0
2026-02-22 01:23:20.048222,7,3.897491048937203,95.79037497585833,41.66671437616822,0
2026-02-22 02:23:20.048222,9,3.2507275266274296,58.57441879548069,25.964728669798625,0
2026-02-22 03:23:20.048222,6,4.425084567620676,85.04363392986659,17.910135458591906,0
2026-02-22 04:23:20.048222,8,4.793835506077858,70.52479397107359,11.119971515472162,0
2026-02-22 05:23:20.048222,8,1.442129275647429,66.80154696865426,48.76822743891061,0
2026-02-22 06:23:20.048222,2,1.1404145307826155,59.57533202292744,22.703100230532492,0
2026-02-22 07:23:20.048222,2,0.9385874608488938,51.72536052572598,19.07801629639447,0
2026-02-22 08:23:20.048222,4,1.8692142583186313,53.11402633910727,15.246384894303002,0
2026-02-22 09:23:20.048222,2,4.840586471525789,77.23041033220274,32.74165161321874,0
2026-02-22 10:23:20.048222,9,4.511067898906905,62.89499069968405,44.946830080794186,0
2026-02-22 11:23:20.048222,2,4.753588827359916,72.60970777855114,23.288732527100663,0
2026-02-22 12:23:20.048222,8,1.783018744159052,75.94348451988935,40.331372675347794,1
2026-02-22 13:23:20.048222,8,2.642266427996105,88.63436415203465,10.572618808179275,0
2026-02-22 14:23:20.048222,7,3.0237368768233335,83.57245235547316,25.785196287125697,0
2026-02-22 15:23:20.048222,9,4.184287342346627,69.81490437025568,35.48637001288025,0
2026-02-22 16:23:20.048222,4,2.0744040552683654,72.43110259389377,16.779030085590083,0
2026-02-22 17:23:20.048222,7,1.63594585415057,52.88759897043362,11.782076103824606,0
2026-02-22 18:23:20.048222,2,2.792660344303238,50.32990128590195,25.314421265144055,0
2026-02-22 19:23:20.048222,4,0.709235845397822,96.4721983765526,37.042507914952054,0
2026-02-22 20:23:20.048222,4,0.7899441126553552,97.44588070490144,17.28843123517712,0
2026-02-22 21:23:20.048222,3,1.0614203980976777,89.8892546126239,25.399377596937516,0
2026-02-22 22:23:20.048222,3,2.426568381220667,70.4367186369224,48.15899143683025,0
2026-02-22 23:23:20.048222,5,4.713713799034081,87.41359408656191,12.338475124947648,0
2026-02-23 00:23:20.048222,2,4.6960210998445095,87.62389988628411,42.01917444328642,0
2026-02-23 01:23:20.048222,8,2.5878582387788165,70.75296918321455,39.14252706241605,0
2026-02-23 02:23:20.048222,1,2.315775627818324,71.23044548359002,39.3458778845595,0
2026-02-23 03:23:20.048222,8,4.4634119772262055,98.74295591744104,39.918398848261475,0
2026-02-23 04:23:20.048222,7,4.965896693948311,61.25163656214207,18.052218081148176,0
2026-02-23 05:23:20.048222,1,1.8917511806081233,52.31125122798805,41.323666554250764,0
2026-02-23 06:23:20.048222,5,4.252122650123422,76.16774256260305,34.142698126997345,0
2026-02-23 07:23:20.048222,8,0.6848978011230822,70.05837609389206,39.82900081878387,0
2026-02-23 08:23:20.048222,6,3.8605894787675705,86.39308100675248,20.396504425544222,0
2026-02-23 09:23:20.048222,2,2.9409334722322837,55.37011084837384,23.65360300831218,0
2026-02-23 10:23:20.048222,2,2.186833748070294,56.05129071694229,45.01976278762783,0
2026-02-23 11:23:20.048222,8,4.139749142164774,89.41693723937267,41.601375241657806,0
2026-02-23 12:23:20.048222,5,3.481088208527508,79.02833471841944,38.41496898193491,0
2026-02-23 13:23:20.048222,8,2.6033397786132824,52.92850288877909,43.809245908361795,0
2026-02-23 14:23:20.048222,4,1.8535627144333702,97.8937498838483,25.95975540846837,0
2026-02-23 15:23:20.048222,2,1.7688330255211082,94.92052429289154,23.263968360030667,0
2026-02-23 16:23:20.048222,8,3.571498798927416,97.21496198335896,37.345282367356866,0
2026-02-23 17:23:20.048222,5,4.825934687305481,79.2741340947834,12.906034285976823,0
2026-02-23 18:23:20.048222,3,3.4759453722629075,50.098814039516064,22.17713293266613,0
2026-02-23 19:23:20.048222,8,4.092425203451282,66.71577444148994,33.613399287469726,0
2026-02-23 20:23:20.048222,6,4.854385105256515,66.11943506816348,18.87576717386267,0
2026-02-23 21:23:20.048222,5,0.6924566008118369,87.42037978100248,16.013160027117475,0
2026-02-23 22:23:20.048222,6,3.0138232776862903,81.37911042386543,40.081650414199046,0
2026-02-23 23:23:20.048222,6,4.072358738059542,58.06836887475815,43.72345503630132,0
2026-02-24 00:23:20.048222,3,1.6740545246259715,78.20821950067194,46.114195433673004,0
2026-02-24 01:23:20.048222,8,2.948003212816231,61.75398786797187,29.32664408849337,0
2026-02-24 02:23:20.048222,4,1.5370497936078884,92.1637679981143,46.876140314186685,0
2026-02-24 03:23:20.048222,9,2.005354493751352,68.30545553542862,47.099721418524894,0
2026-02-24 04:23:20.048222,3,1.362478605717234,73.48253253302056,43.007764143813475,0
2026-02-24 05:23:20.048222,6,2.6659559741306964,70.55915886329096,10.166569638567115,0
2026-02-24 06:23:20.048222,6,0.9021453980815919,92.16567878516662,28.427444091404695,0
2026-02-24 07:23:20.048222,3,4.557525366986904,81.9430725923833,41.27454431157567,0
2026-02-24 08:23:20.048222,2,3.980421433021871,92.07251192137716,30.417702179738015,0
2026-02-24 09:23:20.048222,7,4.589031079074558,82.98021735482725,12.290109765661374,0
2026-02-24 10:23:20.048222,9,4.238841846103843,88.65201740216894,35.43861985373145,0
2026-02-24 11:23:20.048222,1,3.021852155515997,66.10010946348213,41.160879526936895,0
2026-02-24 12:23:20.048222,5,1.6061927891479222,64.58295304340415,24.044026284071354,0
2026-02-24 13:23:20.048222,6,0.7691047054729137,50.82221041224632,10.886771738478567,0
2026-02-24 14:23:20.048222,5,0.6096158474964612,68.93229178616234,19.335699513508942,0
2026-02-24 15:23:20.048222,8,1.8286367844755773,63.35371242814092,46.83189455033546,0
2026-02-24 16:23:20.048222,4,2.6256738261963495,57.22034227865206,16.476836080432506,0
2026-02-24 17:23:20.048222,8,3.454146232874496,53.21858407710269,28.649539844181803,0
2026-02-24 18:23:20.048222,4,1.8817760700552195,63.61801973233791,14.11819570954982,0
2026-02-24 19:23:20.048222,1,2.834125038041014,92.86058561518216,33.11494248136152,0
2026-02-24 20:23:20.048222,6,1.1753440759701188,96.96179671169588,45.442377061645985,0
2026-02-24 21:23:20.048222,1,4.119054213159972,82.05285309379789,44.75215821735378,0
2026-02-24 22:23:20.048222,1,4.489310934297315,69.0692391209093,44.34842038261907,0
2026-02-24 23:23:20.048222,4,4.466358069153255,89.41297519819418,26.738608679801004,0
2026-02-25 00:23:20.048222,3,4.194335492349397,88.27374504342801,31.234982719799373,0
2026-02-25 01:23:20.048222,9,3.249671256239661,93.36317675152762,44.20161601487289,0
2026-02-25 02:23:20.048222,1,1.4720372667885955,50.6434340236894,20.18706160009868,0
2026-02-25 03:23:20.048222,9,1.2817059447644228,65.3469509352337,26.871127722365934,0
2026-02-25 04:23:20.048222,8,1.653545466324104,80.06672645497744,13.28519014261888,0
2026-02-25 05:23:20.048222,9,4.193683556209897,92.69406444286719,19.56995802644709,0
2026-02-25 06:23:20.048222,7,1.0936544662329113,79.40733136039258,23.861242101747877,1
2026-02-25 07:23:20.048222,7,2.8765385947980375,99.10592867043619,45.66836172842521,0
2026-02-25 08:23:20.048222,3,0.6129700230027748,56.51978524654358,30.823462432253073,0
2026-02-25 09:23:20.048222,5,4.3299756900166635,51.973412788930446,21.594656492792343,0
2026-02-25 10:23:20.048222,4,4.942307604042536,62.63458750067274,35.03434151165075,0
2026-02-25 11:23:20.048222,9,2.313078144601409,62.59927155665647,45.371967463567884,0
2026-02-25 12:23:20.048222,5,4.680834146181494,81.17453976347596,47.263328173465695,0
2026-02-25 13:23:20.048222,4,0.5176641738534896,98.23245647811927,11.145593081248993,0
2026-02-25 14:23:20.048222,6,3.2647171087171882,87.9124177220119,20.988520100621173,0
2026-02-25 15:23:20.048222,6,1.6355915163116936,96.0761905019965,14.378195352887762,0
2026-02-25 16:23:20.048222,1,4.910943611631552,96.60843035062221,37.6209497347287,0
2026-02-25 17:23:20.048222,4,4.699805701220662,76.85187667814,31.604827896599627,0
2026-02-25 18:23:20.048222,2,3.9857953746725365,68.65832954285703,28.48383532292963,0
2026-02-25 19:23:20.048222,5,1.467522091730412,90.19960423678769,48.85931751622175,0
2026-02-25 20:23:20.048222,8,2.550520007007794,52.39753851660116,14.382593741869334,0
2026-02-25 21:23:20.048222,9,4.468416443214521,58.2750659072034,31.21167015359336,0
2026-02-25 22:23:20.048222,7,3.0594840858020405,71.16292805658145,29.277630963258275,0
2026-02-25 23:23:20.048222,3,2.515142640999514,95.27696152683617,14.601087094439933,0
2026-02-26 00:23:20.048222,8,1.837740900516748,63.32962300599235,24.313058104216715,0
2026-02-26 01:23:20.048222,1,2.391205183624677,71.13174213953661,24.529303101104865,0
2026-02-26 02:23:20.048222,8,2.490380339365328,75.03398928169833,11.344069508074393,0
2026-02-26 03:23:20.048222,9,3.5402467989857342,82.17914600773533,15.91856406302182,0
2026-02-26 04:23:20.048222,8,3.5663840437284153,91.74583560832642,41.680174627706776,0
2026-02-26 05:23:20.048222,1,1.4544722628937818,53.069267272018365,23.37647946058675,0
2026-02-26 06:23:20.048222,9,1.61761120353664,77.60065365630206,22.632030311078786,0
2026-02-26 07:23:20.048222,4,2.4687341146194637,85.33615065078422,11.805574958894095,0
2026-02-26 08:23:20.048222,2,2.7094621375452093,52.15470336587465,48.46602496274095,0
2026-02-26 09:23:20.048222,8,4.723536758140392,84.56074338559472,19.416940247032194,0
2026-02-26 10:23:20.048222,1,3.79232594980542,67.36247999508522,28.297734808760335,0
2026-02-26 11:23:20.048222,8,2.0185996192249243,89.45123391573861,44.179010356705156,0
2026-02-26 12:23:20.048222,5,3.5268737381878528,72.83952926460117,24.051241263750708,0
2026-02-26 13:23:20.048222,1,4.737934357473618,77.71838416180576,40.12995656554459,0
2026-02-26 14:23:20.048222,3,2.4862528516704505,66.79640543126048,49.84285161222112,0
2026-02-26 15:23:20.048222,5,2.9670615671567884,78.93843739758123,33.29596559948192,0
2026-02-26 16:23:20.048222,2,3.050754566100194,62.220256992060435,23.663749048414694,1
2026-02-26 17:23:20.048222,5,3.2733330871297435,50.13027840747758,49.876520528252264,0
2026-02-26 18:23:20.048222,6,0.552618089076645,81.07356336941302,36.909219914118246,0
2026-02-26 19:23:20.048222,3,3.715980911400523,54.39777536940347,38.47575523239357,0
2026-02-26 20:23:20.048222,7,2.05590182319845,70.53784870637361,42.65495776397475,0
2026-02-26 21:23:20.048222,8,4.9446793997816085,86.57468472431391,25.48375579384864,0
2026-02-26 22:23:20.048222,7,1.5736750468147656,99.96962206097675,43.57555809931814,0
2026-02-26 23:23:20.048222,8,2.8218982590972663,52.20423523432791,37.81341049109664,0
2026-02-27 00:23:20.048222,4,1.3788003887400135,65.6590741522284,48.63988025822564,0
2026-02-27 01:23:20.048222,9,4.345483919583717,80.03357479749437,11.165962774413952,0
2026-02-27 02:23:20.048222,9,2.010158951816758,53.84067178115351,18.8714884059586,0
2026-02-27 03:23:20.048222,5,4.998629222782172,72.17213859596362,30.280319865628456,0
2026-02-27 04:23:20.048222,7,4.995638552800585,57.92099705648311,18.23464101438963,0
2026-02-27 05:23:20.048222,5,0.8468407747273519,96.73256192445577,47.01087448384599,0
2026-02-27 06:23:20.048222,8,3.4022253845550043,61.71137998784074,18.657201092406467,0
2026-02-27 07:23:20.048222,7,4.247185554369825,75.16071017851608,31.807539064223977,0
2026-02-27 08:23:20.048222,3,0.8047289790627172,90.65518183660801,39.888601968829796,0
2026-02-27 09:23:20.048222,7,3.447955968117553,77.82299293789278,33.548587324639115,0
2026-02-27 10:23:20.048222,2,4.383263666913615,80.90014451841593,27.15779326120024,0
2026-02-27 11:23:20.048222,6,4.235102245751554,78.28530949397812,19.59719191511411,0
2026-02-27 12:23:20.048222,6,1.9156743661955713,85.49326561493953,32.75939199658514,0
2026-02-27 13:23:20.048222,8,2.5034755467716305,65.04872285524988,43.501860449113174,0
2026-02-27 14:23:20.048222,4,4.252487172745584,81.02541300585591,24.059872527384304,0
2026-02-27 15:23:20.048222,1,2.4765906935438586,72.38007649806093,17.635008173589128,0
2026-02-27 16:23:20.048222,4,3.568146350825283,74.3998811020877,12.696857960817951,0
2026-02-27 17:23:20.048222,3,1.5786183442829105,98.82844486948727,29.843143716371586,0
2026-02-27 18:23:20.048222,4,1.2829265415625553,61.24586234349653,18.050087729429677,0
2026-02-27 19:23:20.048222,1,3.686953070225935,76.02107235723506,37.460298091237235,0
2026-02-27 20:23:20.048222,6,0.7934044244725835,55.22080737836826,27.166262279849626,0
2026-02-27 21:23:20.048222,8,4.826891579360715,78.51552233843567,28.532905467710602,0
2026-02-27 22:23:20.048222,2,1.367555104617225,51.195941275516105,11.119544709869121,1
2026-02-27 23:23:20.048222,9,2.752708304657419,66.88641716270719,33.09118307660352,0
2026-02-28 00:23:20.048222,5,2.2482534180375335,60.04856761887289,20.205390688900348,0
2026-02-28 01:23:20.048222,1,2.4608583184281776,53.33272928354111,31.503843472780922,0
2026-02-28 02:23:20.048222,5,1.3883445648354824,71.73534769360278,41.434076818974056,0
2026-02-28 03:23:20.048222,1,0.6250826499933173,75.98420177680812,30.380927684471175,0
2026-02-28 04:23:20.048222,5,1.7320743428923653,72.51188225392397,18.940469727634053,0
2026-02-28 05:23:20.048222,6,2.852810127175577,84.70330735723951,41.1611713108321,0
2026-02-28 06:23:20.048222,5,1.604833400559656,56.46326264764985,29.306530605971165,0
2026-02-28 07:23:20.048222,7,4.081309589105673,60.08681048237169,43.67496766768725,0
2026-02-28 08:23:20.048222,9,1.4100720694217999,91.19800229483631,29.1915574104557,0
2026-02-28 09:23:20.048222,6,3.3427357752291997,85.87506651334039,42.83959493091506,0
2026-02-28 10:23:20.048222,1,3.2754573260159816,70.37011093750218,18.96583434434416,0
2026-02-28 11:23:20.047084,6,3.279788081162939,79.90751505285982,42.0906444430691,0
2026-02-28 12:23:20.047084,7,1.2736704654945439,70.57250849266038,15.758347949927547,0
2026-02-28 13:23:20.047084,6,1.7793327746458953,71.1677967004029,36.01926470364725,0
2026-02-28 14:23:20.047084,6,3.287275309993948,79.94785480090648,11.191755914734141,0
2026-02-28 15:23:20.047084,3,3.8818509195365425,85.81566456532252,42.1923758534088,0
2026-02-28 16:23:20.047084,2,2.38898011560417,99.15033288386897,14.504773712386484,0
2026-02-28 17:23:20.047084,7,3.69283311100856,82.53693160695042,39.036513752008716,0
2026-02-28 18:23:20.047084,1,0.9034165347541263,59.02410972055404,35.52745183340313,0
2026-02-28 19:23:20.047084,1,3.708052471046068,73.94518716740133,29.604377242161387,0
2026-02-28 20:23:20.047084,9,3.2962992312119486,87.1912652670589,25.340309318621586,0
2026-02-28 21:23:20.047084,5,1.7858727140848116,84.01569496116042,23.189510945904786,0
2026-02-28 22:23:20.047084,1,2.3656430882618533,66.65344368483387,35.14897160612991,0
2026-02-28 23:23:20.047084,1,1.616606250607484,83.45989147263938,27.409445648128997,0
2026-03-01 00:23:20.047084,3,3.2680247733809,87.99724491000146,14.362833883600747,0
2026-03-01 01:23:20.047084,4,4.274456219658288,57.66586809736014,23.234370496311367,0
2026-03-01 02:23:20.047084,6,1.7133731405565347,66.2912442423096,21.131614856878606,1
2026-03-01 03:23:20.047084,6,2.6981521739478422,96.56095883455602,44.20615310385645,0
2026-03-01 04:23:20.047084,1,3.681777779010141,90.13755197992491,33.954142087476214,0
2026-03-01 05:23:20.047084,2,2.3486247374738083,61.52613600952187,16.85952822364876,0
2026-03-01 06:23:20.047084,4,3.7554455057462994,97.35610653133413,44.44770830829632,0
2026-03-01 07:23:20.047084,5,1.4665786483514087,90.02897161702174,15.797390567004337,0
2026-03-01 08:23:20.047084,8,2.439399152531206,58.64860358585351,47.0935243236564,0
2026-03-01 09:23:20.047084,9,3.4178452008131583,59.75615900397231,34.81061698072473,0
2026-03-01 10:23:20.047084,6,1.5092121728327115,78.52245282133288,10.276315697318248,0
2026-03-01 11:23:20.047084,2,2.390453466706572,92.77174669951137,20.158347575810204,0
2026-03-01 12:23:20.047084,5,4.429942265380963,76.51954178650456,38.93838289021221,0
2026-03-01 13:23:20.047084,2,4.675285258902973,74.43466922186326,26.595015924159288,0
2026-03-01 14:23:20.047084,3,2.924879741444386,76.50857950287913,14.456900599262257,0
2026-03-01 15:23:20.047084,3,1.6174980324032553,75.82137215602661,14.90945765488898,0
2026-03-01 16:23:20.047084,4,0.8155568955025638,80.64621378368065,12.721938570448547,0
2026-03-01 17:23:20.047084,9,4.350234182072905,84.4355533699733,20.290741196069163,0
2026-03-01 18:23:20.047084,9,1.1418497705607478,73.16482412711764,14.752545189516223,0
2026-03-01 19:23:20.047084,8,1.420829978389747,87.46892668567958,48.810370465040236,0
2026-03-01 20:23:20.047084,6,2.6393774657599054,66.39304830345915,22.989743867568613,0
2026-03-01 21:23:20.047084,1,4.7711197467969715,75.30147873403908,36.72670204140721,0
2026-03-01 22:23:20.047084,7,4.718165577352473,94.64548463126735,11.955688036535133,0
2026-03-01 23:23:20.047084,9,3.6826073058489985,60.40492852650169,16.245523694310627,0
2026-03-02 00:23:20.047084,9,1.760106158197145,74.95362113248135,24.288727769164442,0
2026-03-02 01:23:20.047084,4,3.937937568369249,71.1838391794007,44.476217677355535,0
2026-03-02 02:23:20.047084,7,1.5516607146986698,95.92611058765834,25.027665542936344,0
2026-03-02 03:23:20.047084,1,3.7039629238647396,83.30378101931684,35.766307024119435,0
2026-03-02 04:23:20.047084,8,1.6645188159819615,90.93889165781127,27.117758700315534,0
2026-03-02 05:23:20.047084,7,0.8748573857452121,54.94386726419131,16.573978072353984,0
2026-03-02 06:23:20.047084,2,4.609634512279525,73.88584946316948,22.280505360536363,0
2026-03-02 07:23:20.047084,1,1.0959930297134077,86.99895311462242,26.521396495319397,0
2026-03-02 08:23:20.047084,8,3.5731552789497383,58.18291500299595,34.62828453181567,0
2026-03-02 09:23:20.047084,7,2.7105823612911317,71.85518272373082,23.52172189088476,0
2026-03-02 10:23:20.047084,5,3.6405681179889102,63.25955904989345,35.27284841784038,0
2026-03-02 11:23:20.047084,2,2.27158054457846,99.4736248022137,46.96538775082921,0
2026-03-02 12:23:20.047084,8,1.765775901603725,87.09436869927146,37.44624122534431,0
2026-03-02 13:23:20.047084,7,1.0356147283996666,59.44241867240115,32.16975646994753,0
2026-03-02 14:23:20.047084,8,4.552980473250049,54.105309258817385,35.2908527756161,0
2026-03-02 15:23:20.047084,2,1.0923940954115263,96.45392497209289,46.41775038604915,0
2026-03-02 16:23:20.047084,6,2.5526281915005993,99.5321629437066,20.55263443529034,0
2026-03-02 17:23:20.047084,3,4.149815900678338,91.88268296808621,20.79692646597922,0
2026-03-02 18:23:20.047084,7,4.543414255398468,52.796143243004316,41.05449563972105,0
2026-03-02 19:23:20.047084,2,4.203045012293336,82.01139436427366,37.365501477121086,0
2026-03-02 20:23:20.047084,6,1.9917222528368919,87.07380534134086,33.50718441011817,0
2026-03-02 21:23:20.047084,8,2.046263014236527,96.23601029083551,24.816146935665586,0
2026-03-02 22:23:20.047084,1,1.805936293795611,54.100499349864364,47.521229329905694,0
2026-03-02 23:23:20.047084,2,2.97332257424061,58.23474579201644,40.51686317011513,0
2026-03-03 00:23:20.047084,3,4.515401707491291,53.427594554371616,14.258638673570726,0
2026-03-03 01:23:20.047084,7,4.273852402157934,55.94254270838741,37.604250532437945,0
2026-03-03 02:23:20.047084,7,3.2416197907362445,79.35289558410642,20.07024923203035,0
2026-03-03 03:23:20.047084,6,0.5140416341836734,70.52314647098298,47.43337242582567,0
2026-03-03 04:23:20.047084,7,1.2646139823557878,69.33290506496787,14.127012489168326,1
2026-03-03 05:23:20.047084,5,4.286815505481078,52.96031868495007,17.85634176925341,0
2026-03-03 06:23:20.047084,8,4.659409911500937,54.77601248146987,26.083966421094257,0
2026-03-03 07:23:20.047084,4,4.485410308702379,98.4706698775836,18.686708317864525,0
2026-03-03 08:23:20.047084,7,1.8850547948554341,93.75358815482838,23.64313456611118,0
2026-03-03 09:23:20.047084,7,1.33779094613026,62.39669920543605,23.181673259233225,0
2026-03-03 10:23:20.047084,8,0.8411853895600202,65.52819175706286,32.050285849284826,0
2026-03-03 11:23:20.047084,2,3.9850888232261283,52.60379165395479,40.68547941793152,0
2026-03-03 12:23:20.047084,8,1.4052315226203909,77.32575677291244,30.054962740139125,0
2026-03-03 13:23:20.047084,7,3.9485915763881563,60.48383571552105,34.11792694567772,0
2026-03-03 14:23:20.047084,3,1.345258957442149,98.35475744859352,38.46464008141804,0
2026-03-03 15:23:20.047084,3,3.947172146855436,67.89952276668949,33.8434391110157,0
2026-03-03 16:23:20.047084,2,0.8648099966812266,86.02941715465383,11.553183964425177,0
2026-03-03 17:23:20.047084,2,4.706229149722856,75.79183542664725,46.85340511287605,0
2026-03-03 18:23:20.047084,3,1.1985087943113408,79.69374542404822,24.405103849263703,0
2026-03-03 19:23:20.047084,1,1.3395041626006488,99.28061481355647,33.6894994148723,0
2026-03-03 20:23:20.047084,1,4.28286249333131,76.36781210613697,41.899979923591324,0
2026-03-03 21:23:20.047084,5,1.0551197119339806,62.182160308434774,10.524534149758725,0
2026-03-03 22:23:20.047084,4,3.498441957054621,60.32306699816377,47.67832428004314,0
2026-03-03 23:23:20.047084,4,4.133938470644715,92.4359047223682,36.507912779001714,0
2026-03-04 00:23:20.047084,1,4.927541673797511,64.21674416497987,17.248423435511175,0
2026-03-04 01:23:20.047084,8,0.7455369558457602,94.05167069946528,10.5336251331597,0
2026-03-04 02:23:20.047084,7,3.582275087130849,94.39426939614238,21.563611496809468,0
2026-03-04 03:23:20.047084,5,2.1302926894095116,50.979266722158805,12.90195362874885,0
2026-03-04 04:23:20.047084,8,1.2116938367470667,53.18440744275533,44.82377694593544,0
2026-03-04 05:23:20.047084,5,4.5248718090168225,69.57623476098553,24.984271867483226,0
2026-03-04 06:23:20.047084,6,4.952602133873478,72.74233368567808,14.60896965057203,0
2026-03-04 07:23:20.047084,1,0.6442793441873942,56.556164755427574,20.611410224123837,0
2026-03-04 08:23:20.047084,5,1.8679045812741426,66.61637405626249,46.99530910559653,0
2026-03-04 09:23:20.047084,5,4.91979205437214,85.04901517425526,46.3033243742827,0
2026-03-04 10:23:20.047084,7,3.568655453778748,76.9286826877981,37.34414604970493,0
2026-03-04 11:23:20.047084,3,2.3058920080838905,67.5500086316697,43.99576226607758,0
2026-03-04 12:23:20.047084,2,4.826486945933198,67.72046408867196,31.00568110513464,0
2026-03-04 13:23:20.047084,9,2.833866724000508,88.04118999876054,24.800561957332413,0
2026-03-04 14:23:20.047084,5,1.0877631451247511,56.03416186832359,40.726226120185316,0
2026-03-04 15:23:20.047084,6,3.8975990933224707,75.36297342489891,27.861675056481523,0
2026-03-04 16:23:20.047084,3,4.016201035401654,96.92704285876441,33.16240780382418,0
2026-03-04 17:23:20.047084,3,3.0909442292554536,97.11962676996745,33.291166670374764,0
2026-03-04 18:23:20.047084,7,3.843862326347547,56.27703470274602,25.520448617804554,0
2026-03-04 19:23:20.047084,9,0.9028651296379367,56.30567344503128,38.79126792973476,0
2026-03-04 20:23:20.047084,1,4.971529030120801,56.85719809837096,30.88446710791354,0
2026-03-04 21:23:20.047084,4,1.5995991728039822,82.59276418628477,48.16589837690507,0
2026-03-04 22:23:20.047084,6,2.86339907295666,66.0720667033386,42.3454522246668,0
2026-03-04 23:23:20.047084,6,1.4615133792585566,76.16257053507363,34.66079674068862,0
2026-03-05 00:23:20.047084,7,2.6707889963485996,82.34117757683345,24.798550817642727,0
2026-03-05 01:23:20.047084,8,3.5981591580015047,61.27107169766541,25.136925963459753,0
2026-03-05 02:23:20.047084,1,4.344784579713146,77.27342024347858,12.725226104804271,0
2026-03-05 03:23:20.047084,3,2.2198327495951817,58.76710793681635,10.993467813569389,1
2026-03-05 04:23:20.047084,2,3.5353934244443823,88.98068547069235,14.541722500286266,0
2026-03-05 05:23:20.047084,9,1.141113780994803,83.92535189072066,30.693865324745072,0
2026-03-05 06:23:20.047084,8,3.8228304764758003,69.41451380844778,25.15802045829013,0
2026-03-05 07:23:20.047084,9,4.3358875529068985,77.36228715445648,39.982207627864526,0
2026-03-05 08:23:20.047084,2,3.207648132166714,93.79762515447757,29.43682957639169,0
2026-03-05 09:23:20.047084,9,4.918090714788847,64.6456482097833,35.15614241314209,0
2026-03-05 10:23:20.047084,5,3.439188360364108,62.00267446174535,30.434889326886587,0
2026-03-05 11:23:20.047084,2,3.1019453271055557,75.21782770379936,27.073395601881025,0
2026-03-05 12:23:20.047084,6,1.0036891550326368,79.45539036006058,28.626998315836612,0
2026-03-05 13:23:20.047084,4,4.727453083002504,74.49731890661914,39.92491225548015,0
2026-03-05 14:23:20.047084,5,4.75901773272474,91.98543544401588,15.125954516202022,0
2026-03-05 15:23:20.047084,4,2.422406483066839,73.3063929769564,21.77160713008801,0
2026-03-05 16:23:20.047084,1,1.837367797023116,95.94076362357069,43.252491944408185,0
2026-03-05 17:23:20.047084,7,0.9103268856494628,71.65184474252395,25.21116266150419,0
2026-03-05 18:23:20.047084,5,4.7249966890456,69.93061022562762,23.244572956872787,0
2026-03-05 19:23:20.047084,8,0.7517447569178851,85.66543679634212,29.590687522713118,0
2026-03-05 20:23:20.047084,4,1.0908647247846295,92.26178766648201,26.25634820384882,0
2026-03-05 21:23:20.047084,8,4.2663001435843615,70.47900670162595,18.676576308094376,0
2026-03-05 22:23:20.047084,3,2.7169223326849785,62.24681072105226,20.18661310197198,0
2026-03-05 23:23:20.047084,5,4.731915086813945,59.758409404790015,20.39158665487694,0
2026-03-06 00:23:20.047084,9,1.8532776899478431,93.94880606581364,15.001099664809136,0
2026-03-06 01:23:20.047084,2,2.3656620125260988,98.86621365515194,36.00994703109865,0
2026-03-06 02:23:20.047084,6,2.6462278331128255,66.31023894628872,12.047218512328271,0
2026-03-06 03:23:20.047084,6,1.5766512959105055,68.6809863435252,26.354150593914945,0
2026-03-06 04:23:20.047084,1,0.8732152545432884,76.92614806713546,19.651799930152638,0
2026-03-06 05:23:20.047084,6,3.5518373329308215,93.6275724625643,32.17349060374281,0
2026-03-06 06:23:20.047084,9,0.6661649408765278,57.723796617683135,25.09128392304217,0
2026-03-06 07:23:20.047084,9,3.0052611982396478,60.214217670213394,18.17856504608375,0
2026-03-06 08:23:20.047084,5,2.3436776254282052,79.0174468611397,49.13762887779893,0
2026-03-06 09:23:20.047084,8,1.8854565511821888,56.485752970771294,18.97455397502371,0
2026-03-06 10:23:20.047084,4,3.757744825044068,77.02202188780372,46.80509919284019,0
2026-03-06 11:23:20.047084,7,4.834051363301273,96.38215699286478,37.20893126306358,1
2026-03-06 12:23:20.047084,6,3.2005628400001283,57.13572987906246,23.28042948755912,0
2026-03-06 13:23:20.047084,2,0.9665445144187387,83.73043153133065,39.22759159818807,0
2026-03-06 14:23:20.047084,4,2.9642917415928247,86.52671981532629,19.304566349774547,0
2026-03-06 15:23:20.047084,3,4.645752137599156,85.00940161770461,25.542152902193337,0
2026-03-06 16:23:20.047084,2,3.000566873147401,74.06988508739136,19.187876361168037,0
2026-03-06 17:23:20.047084,5,3.1422180866609954,93.44162059219177,41.37116391591576,0
2026-03-06 18:23:20.047084,3,1.8282520679154626,92.43634790593545,19.454340407250797,0
2026-03-06 19:23:20.047084,5,3.5161065259496356,65.9936831587546,32.05442797240612,0
2026-03-06 20:23:20.047084,9,3.66369319954082,73.65723801646656,42.34541049801736,1
2026-03-06 21:23:20.047084,8,4.466365683919907,70.87491037972188,18.529036685115578,0
2026-03-06 22:23:20.047084,6,4.87913935856145,98.95860658217086,28.952435985344017,0
2026-03-06 23:23:20.047084,3,3.896838621370687,55.60554282967469,43.19670662987989,0
2026-03-07 00:23:20.047084,1,3.267026592929493,98.50356349558903,40.111524565676156,0
2026-03-07 01:23:20.047084,3,2.2092371228039527,68.63327856115919,42.03355084111565,0
2026-03-07 02:23:20.047084,2,1.6042531300779532,74.13385023195337,35.427532727419006,0
2026-03-07 03:23:20.047084,6,3.753063879036476,76.27501431255135,32.18957312653631,0
2026-03-07 04:23:20.047084,8,4.893007664883457,53.01015275552799,28.702336668496514,0
2026-03-07 05:23:20.047084,2,2.2207242438314267,66.2152856471215,18.01388182639117,0
2026-03-07 06:23:20.047084,4,4.062171221578344,81.27124382928156,13.204921793406221,0
2026-03-07 07:23:20.047084,9,3.963370780122029,67.57616418308692,18.303992896650996,0
2026-03-07 08:23:20.047084,8,3.162134891174717,61.295668696842604,19.04384858137693,0
2026-03-07 09:23:20.047084,1,3.3174475645883676,95.14816041383457,17.134221516040625,0
2026-03-07 10:23:20.047084,4,2.0485786805466994,84.50199234942853,24.931254736461838,0
2026-03-07 11:23:20.047084,1,4.432318659949259,59.82969194955118,39.01098753234673,0
2026-03-07 12:23:20.047084,3,1.8386225856686143,79.20710613078064,26.611862663166352,0
2026-03-07 13:23:20.047084,6,2.6013714732712607,95.3416497039853,47.17105818093509,0
2026-03-07 14:23:20.047084,1,1.320191375110569,68.48125193869258,47.98463567249926,0
2026-03-07 15:23:20.047084,3,4.365197241528293,80.67716108310734,43.858007681216826,0
2026-03-07 16:23:20.047084,8,3.738797226059983,80.02283867295154,23.644218485566103,1
2026-03-07 17:23:20.047084,4,1.1328754379666843,97.35734018289196,42.93430483967667,0
2026-03-07 18:23:20.047084,7,1.6919361656022331,63.25217834194203,31.767637675736985,0
2026-03-07 19:23:20.047084,2,0.6845145814857205,90.95977061672775,23.29984600502637,0
2026-03-07 20:23:20.047084,7,2.3564750262356116,65.02054300397461,18.991133797770065,0
2026-03-07 21:23:20.047084,9,1.9656088727840701,82.188229025252,21.42136374221433,0
2026-03-07 22:23:20.047084,6,1.2087496377958007,89.00008140125686,26.484687226647626,0
2026-03-07 23:23:20.047084,9,1.0427025564862888,59.68784510004964,16.089255855692805,0
2026-03-08 00:23:20.047084,5,3.2286618059537213,76.12196580605587,24.544983508385737,0
2026-03-08 01:23:20.047084,8,4.380092788336206,94.22918797314964,39.56032792526622,0
2026-03-08 02:23:20.047084,1,3.5270118230299974,62.08682429484313,26.800245931468915,0
2026-03-08 03:23:20.047084,5,3.91309294788754,51.95950849090168,44.883468423065274,0
2026-03-08 04:23:20.047084,5,2.6366889257567294,59.7322237350391,29.152990330952658,0
2026-03-08 05:23:20.047084,7,2.00989238062529,74.8496687335392,36.59154178837113,0
2026-03-08 06:23:20.047084,5,2.6542727191479223,76.34974745515254,10.796277375124053,0
2026-03-08 07:23:20.047084,4,1.9387255479107293,93.71139260200471,17.18172611164137,0
2026-03-08 08:23:20.047084,6,3.0108963459911666,76.40754448621237,11.180978919794565,0
2026-03-08 09:23:20.047084,7,1.6003186588710694,76.1509742349896,36.82074851729706,0
2026-03-08 10:23:20.047084,5,3.489905547517543,88.37668485436785,31.81285474473553,0
2026-03-08 11:23:20.047084,1,2.2897334612935207,52.62948005920696,46.958705890286645,0
2026-03-08 12:23:20.047084,5,4.14497812545452,73.81612019736599,17.22528970486929,0
2026-03-08 13:23:20.047084,7,1.0007655959454382,66.99261683019384,39.27217378139904,0
2026-03-08 14:23:20.047084,1,1.5272703683674493,87.02299577955546,38.02269062371383,0
2026-03-08 15:23:20.047084,1,4.34795650375896,65.13564793849443,40.46730590643824,0
2026-03-08 16:23:20.047084,8,3.905176870523244,93.13986381439992,14.755628925334205,0
2026-03-08 17:23:20.047084,2,1.9986807316911777,53.462392297424785,37.21096226975027,0
2026-03-08 18:23:20.047084,8,2.652547104185211,72.66948865702096,32.48987106655106,0
2026-03-08 19:23:20.047084,5,1.3713046180174155,64.53400391837415,46.13840332453358,0
2026-03-08 20:23:20.047084,8,2.2543412598408077,67.01427003101182,41.25371489063119,0
2026-03-08 21:23:20.047084,5,3.7355674465277326,82.77558352588237,35.055199656999676,0
2026-03-08 22:23:20.047084,3,0.872230084828912,54.48253153571448,44.361989117663875,0
2026-03-08 23:23:20.047084,5,3.799888676609757,90.97409785747013,44.933616239253894,0
2026-03-09 00:23:20.047084,8,4.813669777878707,98.26028367697444,47.93486033914074,0
2026-03-09 01:23:20.047084,2,4.7350194328762125,65.42521920734484,43.41185617872294,0
2026-03-09 02:23:20.047084,4,1.7208510077411405,69.33681176600834,41.133257874569125,0
2026-03-09 03:23:20.047084,1,3.492877253518089,82.48611275609687,17.983387934788325,0
2026-03-09 04:23:20.047084,2,4.71412297917564,88.08786851861504,11.441641118240753,0
2026-03-09 05:23:20.047084,6,3.0739541459633553,55.610198141904675,38.245672779767744,0
2026-03-09 06:23:20.047084,6,0.5430643247770368,50.200546910393626,29.485333010253786,0
2026-03-09 07:23:20.047084,5,0.5515192110206715,93.33316606373103,25.334398575016777,0
2026-03-09 08:23:20.047084,7,2.7636393929566507,95.50909277905413,49.02471840521479,0
2026-03-09 09:23:20.047084,6,4.976206431303855,70.27696431116831,35.06697456596173,0
2026-03-09 10:23:20.047084,3,1.8920814345188608,52.16361737880263,36.352632616597376,0
2026-03-09 11:23:20.047084,3,2.4269863190135434,71.54739107126356,44.649471998192745,0
2026-03-09 12:23:20.047084,4,1.0622415901379267,78.18790024168808,33.72661990434965,0
2026-03-09 13:23:20.047084,3,4.361995455934392,80.38586509859577,31.451162944581487,0
2026-03-09 14:23:20.047084,3,4.13928442306878,76.21221243709054,14.136230033355673,0
2026-03-09 15:23:20.047084,7,3.8644511149182086,60.26018908987724,32.15861686684464,0
2026-03-09 16:23:20.047084,8,0.5510296046534007,58.87838848215736,16.661005207784516,0
2026-03-09 17:23:20.047084,2,2.931221772697481,95.04570681681759,21.992104167952412,0
2026-03-09 18:23:20.047084,7,2.7366034591015107,84.34811660821255,26.230728004087027,0
2026-03-09 19:23:20.047084,3,4.113237030973299,85.10730918337079,20.417886497674985,0
2026-03-09 20:23:20.047084,8,4.135593272417786,66.19989975245669,15.039329295675445,0
2026-03-09 21:23:20.047084,9,2.6800112745913527,65.88947244257989,24.65376114885803,0
2026-03-09 22:23:20.047084,7,2.9831647633078164,92.26835946104376,18.489194813746398,0
2026-03-09 23:23:20.047084,9,4.246806313536197,57.513147474637584,22.571214305608926,0
2026-03-10 00:23:20.047084,1,3.6805156518132414,55.24608032980364,29.621796146722012,0
2026-03-10 01:23:20.047084,5,3.494437712281197,63.258302683390035,35.958102468879645,0
2026-03-10 02:23:20.047084,1,3.002864370567119,86.81101357575582,10.658519387433664,0
2026-03-10 03:23:20.047084,3,0.851725031943968,67.07563197828958,48.80556345671313,0
2026-03-10 04:23:20.047084,5,4.073061057684374,82.46432165553759,23.06059730293869,0
2026-03-10 05:23:20.047084,4,3.999911096056953,93.97801508530615,33.51731713324885,0
2026-03-10 06:23:20.047084,4,1.8730735161916878,84.893149671366,44.334216503776496,0
2026-03-10 07:23:20.047084,8,2.133844639521925,98.29755350175569,28.930209625226823,0
2026-03-10 08:23:20.047084,2,2.2174990361746154,65.1362762764297,24.83195909629904,0
2026-03-10 09:23:20.047084,3,1.4130990388495386,62.171855906993066,13.473040245654438,0
2026-03-10 10:23:20.047084,2,3.1765519457268447,78.88484489574157,36.6819629595787,0
2026-03-10 11:23:20.047084,8,4.52770787593135,68.02076581537017,35.94036413531272,0
2026-03-10 12:23:20.047084,5,4.613381807978849,66.20025184439847,18.16322382195203,0
2026-03-10 13:23:20.047084,2,3.2494960547856917,91.14191731171955,39.743963622890064,0
2026-03-10 14:23:20.047084,7,1.460203700670665,55.05164274150315,40.01129442601384,0
2026-03-10 15:23:20.047084,6,2.261192927292141,61.923733924944884,44.46332619211433,0
2026-03-10 16:23:20.047084,7,0.6206050944290353,93.53560833808118,29.966119754359678,0
2026-03-10 17:23:20.047084,4,2.6520313769806325,80.2177807001148,19.692182936162514,0
2026-03-10 18:23:20.047084,1,3.113668021364561,67.67810461838846,16.55380276161108,0
2026-03-10 19:23:20.047084,5,3.722464016473957,63.72313985325581,32.13964054710465,0
2026-03-10 20:23:20.047084,6,3.6888134313916994,93.70296818708502,49.61176930289504,0
2026-03-10 21:23:20.047084,7,2.2867671840506114,70.29007980753288,30.736175311167,0
2026-03-10 22:23:20.047084,3,3.80649949650524,69.54221942428771,14.27957697879037,0
2026-03-10 23:23:20.047084,5,4.45897663839597,97.18319804953134,30.209604069526797,0
2026-03-11 00:23:20.047084,2,4.776991324209883,56.70159215871121,35.82519419628912,0
2026-03-11 01:23:20.047084,6,3.958087575557605,91.94028078675339,31.42328879142314,0
2026-03-11 02:23:20.047084,9,2.327170864614458,65.6431717646091,32.7426589464736,0
2026-03-11 03:23:20.047084,1,3.5626826004468994,84.44452997049473,47.60457093228871,0
2026-03-11 04:23:20.047084,1,3.817196052439559,74.64321477903658,41.3690858998788,0
2026-03-11 05:23:20.047084,1,1.3552721314077034,72.52248918439197,37.28277504053873,0
2026-03-11 06:23:20.047084,2,1.5507571510662994,87.6632854690101,42.228254376955164,0
2026-03-11 07:23:20.047084,5,3.175769128031901,70.99538257436072,36.78633609917605,0
2026-03-11 08:23:20.047084,3,0.925435029634683,97.06221369960781,46.515232510301274,0
2026-03-11 09:23:20.047084,8,2.409300949360361,74.47806419080243,23.688206115096882,0
2026-03-11 10:23:20.047084,4,4.760245678105684,60.43008454674477,32.34351949124106,0
2026-03-11 11:23:20.047084,2,3.7070839011751713,94.7815671020814,24.50426963663557,0
2026-03-11 12:23:20.047084,1,4.534704938227455,73.8525331204474,36.32174413651774,0
2026-03-11 13:23:20.047084,4,2.222450448652781,81.7994493116669,36.82985691106819,0
2026-03-11 14:23:20.047084,5,3.953328462682548,76.44634054664421,42.718083996423374,0
2026-03-11 15:23:20.047084,9,2.120326841746218,69.20788123955994,38.98305163417253,0
2026-03-11 16:23:20.047084,2,4.34266906447629,91.58963269665277,43.879815851967685,0
2026-03-11 17:23:20.047084,6,0.7564571620919553,70.7774189141111,10.706842273176044,0
2026-03-11 18:23:20.047084,4,2.9908422735636164,56.981661524423814,21.704916082053845,0
2026-03-11 19:23:20.047084,1,1.0375518273669702,57.4064637757264,49.15859986599448,0
2026-03-11 20:23:20.047084,1,0.9339198392766859,68.83952691072939,35.32354710546914,0
2026-03-11 21:23:20.047084,1,4.826369221420897,96.30604297443438,34.13619894956004,0
2026-03-11 22:23:20.047084,1,2.211097197583954,53.572029849479634,33.59517545503877,0
2026-03-11 23:23:20.047084,6,3.1836416644122947,67.8071224171972,47.03515354829342,0
2026-03-12 00:23:20.047084,7,1.9636811639956169,76.82790343122156,12.753504362925794,0
2026-03-12 01:23:20.047084,1,3.4978868588016416,72.33699093365755,47.72585327845482,0
2026-03-12 02:23:20.047084,9,4.110514806513956,86.04709439207969,29.26748833005044,0
2026-03-12 03:23:20.047084,1,1.7642091966230453,71.7673817115286,20.77750563824185,0
2026-03-12 04:23:20.047084,3,2.6427557212446584,89.17429048705489,23.408673881079935,0
2026-03-12 05:23:20.047084,3,3.448160667882716,91.6048167008434,16.26696870878706,1
2026-03-12 06:23:20.047084,1,2.6499747545240906,90.29318319775612,25.104451747743084,0
2026-03-12 07:23:20.047084,4,3.824487113737322,73.57838002961952,42.540397774921395,0
2026-03-12 08:23:20.047084,7,2.1969265421912376,81.87265244528945,42.18334912970744,0
2026-03-12 09:23:20.047084,8,2.674041520853734,53.13740867896817,18.902888579886334,1
2026-03-12 10:23:20.047084,1,2.124798952231087,83.87460226486206,26.264091510444644,0
2026-03-12 11:23:20.047084,7,4.087110174914887,56.098294283510384,34.69657223550286,0
2026-03-12 12:23:20.047084,3,3.791741028896654,63.75389460384263,13.658098168155458,0
2026-03-12 13:23:20.047084,6,1.6604319461423056,71.66597036837283,35.24505424310427,0
2026-03-12 14:23:20.047084,6,0.7756096662970093,51.88393965400036,29.446545903807216,0
2026-03-12 15:23:20.047084,8,4.375048728329187,91.985789890182,49.8967961133444,0
2026-03-12 16:23:20.047084,8,1.2927988529235217,64.96077035358948,17.896851824516933,0
2026-03-12 17:23:20.047084,6,3.944345640475719,99.47539988781685,19.10369455014068,0
2026-03-12 18:23:20.047084,8,1.4362694035024943,65.09831045800972,26.9420352183022,0
2026-03-12 19:23:20.047084,1,2.2813357207068528,95.00690521074907,19.680494210758628,0
2026-03-12 20:23:20.047084,7,4.507765871345706,79.6951093843874,38.30820910627799,0
2026-03-12 21:23:20.047084,6,2.3534391972605038,75.68785607441932,20.340397944471917,0
2026-03-12 22:23:20.047084,1,1.995879657802766,84.1029741533814,41.63111471793694,0
2026-03-12 23:23:20.047084,2,3.857379549313212,72.61923169024493,35.507294293367885,0
2026-03-13 00:23:20.047084,9,1.9440207280858517,59.55099256190222,35.43141271610962,1
2026-03-13 01:23:20.047084,1,3.5830799744071116,98.64637223679934,22.77616794768463,0
2026-03-13 02:23:20.047084,6,4.754083277103182,78.3946718133131,25.555614675007515,0
2026-03-13 03:23:20.047084,3,3.97943314412266,60.47531203036853,16.288281518618493,0
2026-03-13 04:23:20.047084,5,0.6634705987691456,61.014246554685954,36.04484381277351,0
2026-03-13 05:23:20.047084,2,4.373957101748594,99.50474649774195,20.381204402615825,0
2026-03-13 06:23:20.047084,2,2.315386847692019,50.897656556269794,44.88043839086883,0
2026-03-13 07:23:20.047084,8,1.2592688898275066,84.61084985270355,44.369743404793965,0
2026-03-13 08:23:20.047084,2,3.793176969880006,76.03586715040154,33.940178824003524,0
2026-03-13 09:23:20.047084,8,2.798280812957089,64.37149259063939,17.924224149949822,0
2026-03-13 10:23:20.047084,4,4.823287503392013,88.7430259892187,19.686992094112377,0
2026-03-13 11:23:20.047084,6,0.5050901781090653,81.79715886795337,22.01216425325066,0
2026-03-13 12:23:20.047084,1,2.9912073366366867,80.84883792327912,27.713184670680032,0
2026-03-13 13:23:20.047084,6,4.428992737863737,88.77127420789841,36.615182159319744,0
2026-03-13 14:23:20.047084,4,4.181993031538408,53.81063179617716,41.95880431322138,0
2026-03-13 15:23:20.047084,3,1.2943385795965652,61.70223893418179,34.425145023526596,0
2026-03-13 16:23:20.047084,9,1.4677749775875784,59.65666682713218,17.652375495748895,0
2026-03-13 17:23:20.047084,1,0.6515016640112297,87.26290279888119,26.53190096528276,0
2026-03-13 18:23:20.047084,3,1.0575269874709772,84.71793899365312,34.60576961896057,0
2026-03-13 19:23:20.047084,7,4.722199754730067,62.68885026879788,44.513852284601086,0
2026-03-13 20:23:20.047084,2,4.539705462785845,87.67899370635004,44.40704731644352,0
2026-03-13 21:23:20.047084,2,3.9510007985620157,67.5047761985009,11.56461688589145,0
2026-03-13 22:23:20.047084,2,0.7878263853880064,88.86668225028734,33.60685243246823,0
2026-03-13 23:23:20.047084,4,4.790633891176051,60.52619099049353,38.36906832540657,0
2026-03-14 00:23:20.047084,9,3.846847676896673,71.71340230617491,10.291697028498902,0
2026-03-14 01:23:20.047084,3,3.8307160648484713,70.71339996964889,43.04853261522639,0
2026-03-14 02:23:20.047084,2,0.5512039740450677,96.6642684435414,39.5481671685441,0
2026-03-14 03:23:20.047084,3,1.5359032620621833,99.57426366899487,27.91979026755394,0
2026-03-14 04:23:20.047084,8,1.881448083604079,81.97707208408765,42.95420141762969,0
2026-03-14 05:23:20.047084,5,1.8488669145002326,88.24478156089957,17.756386882771714,0
2026-03-14 06:23:20.047084,4,2.8218595342033783,60.46053115502066,18.930833288200812,0
2026-03-14 07:23:20.047084,1,0.9774083959602036,95.85998593208733,42.014201924957646,0
2026-03-14 08:23:20.047084,2,0.6558883218386087,88.45189039850251,49.61225338907165,0
2026-03-14 09:23:20.047084,5,2.4657994273318913,69.2007043591904,33.844788531257244,0
2026-03-14 10:23:20.047084,7,4.276311565986305,80.04758388552608,46.30319441944367,0
2026-03-14 11:23:20.047084,7,2.2165741364444154,81.31158266953642,45.48246149495816,0
2026-03-14 12:23:20.047084,2,3.8199947223634743,80.19942847883938,28.210053400374818,0
2026-03-14 13:23:20.047084,2,1.19431948676483,94.01023013495791,40.938509234123416,0
2026-03-14 14:23:20.047084,6,3.706622020922554,83.39112374162114,35.404852622707566,0
2026-03-14 15:23:20.047084,8,1.7254359727264004,65.39596387568903,45.76030239592722,0
2026-03-14 16:23:20.047084,2,4.391923256676807,52.333551981452196,14.274213999898674,0
2026-03-14 17:23:20.047084,9,1.1269658998110288,60.24957493432947,33.286030771695295,0
2026-03-14 18:23:20.047084,3,0.8619054308452048,76.31503608782596,33.65472892104083,0
2026-03-14 19:23:20.047084,1,4.1764637580151724,89.32404549387354,25.23338908126813,0
2026-03-14 20:23:20.047084,4,1.7882094440097263,75.71293970956305,41.93278855911652,1
2026-03-14 21:23:20.047084,4,0.635450887052531,71.57375987543668,37.35428887455342,0
2026-03-14 22:23:20.047084,3,3.922685832693597,70.71222458786619,14.69496368962011,0
2026-03-14 23:23:20.047084,4,3.7675986093134863,64.16191481742663,35.10507221505958,0
2026-03-15 00:23:20.047084,4,3.9639447609241754,76.98159555881938,29.921233370833423,0
2026-03-15 01:23:20.047084,7,3.3944972556547572,89.77068808766981,20.069100475286362,0
2026-03-15 02:23:20.047084,9,1.2518551822404373,95.64177393999492,27.8890537707925,0
2026-03-15 03:23:20.047084,5,4.473826606425908,76.08838197210125,44.08854873624996,0
2026-03-15 04:23:20.047084,4,0.7079220922627798,64.46606004108082,20.9186760596312,0
2026-03-15 05:23:20.047084,9,2.560012387835335,73.03870093366928,17.218840772688164,0
2026-03-15 06:23:20.047084,9,2.84978076786641,52.26559317325674,15.107403719324367,0
2026-03-15 07:23:20.047084,6,0.7737977333571457,67.58568786147774,41.26129158527607,0
2026-03-15 08:23:20.047084,3,3.6833133363568304,81.96144380613319,38.580576008851416,0
2026-03-15 09:23:20.047084,6,3.7501929153042495,86.67752639286137,39.13388438385479,0
2026-03-15 10:23:20.047084,2,2.0953705732961243,73.68208793948236,16.651958842350602,0
2026-03-15 11:23:20.047084,3,4.392221246564279,89.70217880036027,32.29351950989733,0
2026-03-15 12:23:20.047084,8,2.0533043460117066,56.10501790060648,13.014166039046087,0
2026-03-15 13:23:20.047084,1,3.55162922042523,71.26721523568342,48.24303913632165,0
2026-03-15 14:23:20.047084,3,4.657409195075208,73.70372623758712,46.79063748207252,0
2026-03-15 15:23:20.047084,2,1.0092152014087523,91.9217716282872,46.252828942121376,0
2026-03-15 16:23:20.047084,5,4.12690526324735,90.69123666080608,22.331824270740178,0
2026-03-15 17:23:20.047084,1,2.4637574124941226,67.90003171613485,25.67817792053774,0
2026-03-15 18:23:20.047084,3,1.255214554171903,83.2765648935179,27.58338832906732,0
2026-03-15 19:23:20.047084,4,4.364931089397965,88.68515465482471,47.27821867190173,0
2026-03-15 20:23:20.047084,2,3.775423036697205,67.19095170701532,39.312628197759594,0
2026-03-15 21:23:20.047084,2,3.6967233579618766,50.32947897318961,25.19005183529242,0
2026-03-15 22:23:20.047084,7,2.9834490532911118,92.25973976886449,21.118118056810896,0
2026-03-15 23:23:20.047084,5,4.222062687447348,98.47454599352471,33.676087393314944,0
2026-03-16 00:23:20.047084,8,1.2175900699133568,77.36463948554602,30.32682481050752,0
2026-03-16 01:23:20.047084,3,3.8651957997603406,63.86884791079942,37.984077262746524,0
2026-03-16 02:23:20.047084,1,4.41650911123987,74.70192491223345,12.316067190589042,0
2026-03-16 03:23:20.047084,4,4.449906370068554,67.90114206635305,24.713407416340722,0
2026-03-16 04:23:20.047084,1,4.265560236331924,51.766640539728925,35.623239260979894,0
2026-03-16 05:23:20.047084,1,2.070706446074462,63.96392457258966,11.816560341814718,0
2026-03-16 06:23:20.047084,4,3.208613582227809,56.34526261995365,27.816759064049815,0
2026-03-16 07:23:20.047084,7,2.279327640598816,88.30145422013919,45.34789234531488,0
2026-03-16 08:23:20.047084,1,3.8639063205006057,56.716025798563635,33.744744955635774,0
2026-03-16 09:23:20.047084,4,3.7842594224426915,90.61765148621964,12.548051096558561,0
2026-03-16 10:23:20.047084,2,0.7810418987542724,52.27356945939619,40.45054161314192,0
2026-03-16 11:23:20.047084,7,1.1934240601790254,94.05754280031002,23.9005369155405,0
2026-03-16 12:23:20.047084,4,2.4246591676586817,70.8982808849342,18.972214763396302,0
2026-03-16 13:23:20.047084,8,3.8760029839931702,94.63323752706586,10.997774263077428,0
2026-03-16 14:23:20.047084,4,1.9101538392525526,94.43366313905943,45.76214975445653,0
2026-03-16 15:23:20.047084,4,4.201881242469861,77.25233091307314,27.082092604522575,0
2026-03-16 16:23:20.047084,9,3.9261225742988817,60.03389115214265,42.128485911479984,0
2026-03-16 17:23:20.047084,2,4.398541936306487,51.001149453718504,24.361328112601278,0
2026-03-16 18:23:20.047084,4,4.6727796479283965,72.9502649159854,14.079268936137836,0
2026-03-16 19:23:20.047084,8,2.556577605965396,72.53890052296194,32.73921748491942,0
2026-03-16 20:23:20.047084,3,2.861688810864015,51.75086024605489,46.51832474691602,0
2026-03-16 21:23:20.047084,7,3.7926179286725996,61.865925936638995,21.03325470373944,0
2026-03-16 22:23:20.047084,1,4.273832148600231,58.47759741063872,28.041287907902856,0
2026-03-16 23:23:20.047084,8,0.5804982311951337,92.0143731730069,39.16048886636502,0
2026-03-17 00:23:20.047084,1,3.9351224137758027,78.51101350841091,31.834571207456513,0
2026-03-17 01:23:20.047084,1,3.6373752258149983,79.8313986246921,27.235786720929024,0
2026-03-17 02:23:20.047084,1,3.349804634600115,96.97115667554964,37.26701996139169,0
2026-03-17 03:23:20.047084,3,4.5259208767008605,69.38623462087061,20.903378177491184,0
2026-03-17 04:23:20.047084,1,4.403310862722943,67.20994316224217,40.23249774562046,0
2026-03-17 05:23:20.047084,8,3.9439674913461427,82.92878365845039,44.21910762264424,0
2026-03-17 06:23:20.047084,5,3.7362636178481314,65.94440049997175,29.73553478223533,0
2026-03-17 07:23:20.047084,5,3.3668748694911534,86.00027761050276,41.03908463910429,0
2026-03-17 08:23:20.047084,5,4.805284181358333,75.27266403880114,11.368841316098454,0
2026-03-17 09:23:20.047084,3,1.2456531864115465,71.872898572913,28.35960727710801,0
2026-03-17 10:23:20.047084,9,2.3491650851863737,78.38906205860455,38.97019328362623,0
2026-03-17 11:23:20.047084,8,0.9239598928381687,94.20707948600767,25.3681949045205,0
2026-03-17 12:23:20.047084,7,0.9972915491806797,53.522253543852074,19.429925881150346,0
2026-03-17 13:23:20.047084,8,2.661675740982922,97.46708503145982,33.23723990254418,0
2026-03-17 14:23:20.047084,9,2.7623174534607458,82.3552656587722,43.29536302007542,0
2026-03-17 15:23:20.047084,4,1.0276848163828918,54.668063305336084,12.798069012203964,0
2026-03-17 16:23:20.047084,8,3.5424224709658687,68.98190535875382,45.40495309309896,0
2026-03-17 17:23:20.047084,9,4.463987886551684,57.7768445977004,44.62945369878517,0
2026-03-17 18:23:20.047084,8,4.513550669955587,80.50284375137996,18.621653439778953,1
2026-03-17 19:23:20.047084,2,3.2000903446964273,67.81979202174747,42.034887656602024,0
2026-03-17 20:23:20.047084,4,3.093737904248476,81.53780455235348,43.67068258481599,0
2026-03-17 21:23:20.047084,9,4.39468235814569,85.51427191925949,45.386249141684964,0
2026-03-17 22:23:20.047084,1,4.178577933803258,53.80842064490953,26.397944723518382,0
2026-03-17 23:23:20.047084,1,4.252491723629106,69.75404577699005,10.569358705392698,0
2026-03-18 00:23:20.047084,3,4.095646199188753,57.18772425259882,24.76789429567592,0
2026-03-18 01:23:20.047084,8,3.3528419123590307,78.39780068873304,47.73133381924221,0
2026-03-18 02:23:20.047084,7,4.639008252855781,65.67682852345196,28.108383660696013,0
2026-03-18 03:23:20.047084,9,4.7631998868778425,95.29362045578375,14.657209118806245,0
2026-03-18 04:23:20.047084,6,4.8824532277803065,88.11926632023014,27.24788335899342,0
2026-03-18 05:23:20.047084,3,1.5333933187618558,58.06489777690619,42.28915917449682,0
2026-03-18 06:23:20.047084,8,2.1630224789506762,63.428010692539495,19.961773744521718,0
2026-03-18 07:23:20.047084,4,4.91509497071456,59.94557729615358,16.799736025092876,0
2026-03-18 08:23:20.047084,4,4.060000953086078,90.27726958502242,39.34277227017557,0
2026-03-18 09:23:20.047084,8,4.885413856877771,53.74421850151557,18.848154226533058,0
2026-03-18 10:23:20.047084,7,3.0695888656887416,89.63583454477144,38.234334011580884,0
2026-03-18 11:23:20.047084,4,2.8102339464931396,85.19676340459537,12.680169341844753,0
2026-03-18 12:23:20.047084,8,0.5489908492796538,61.98314143222688,39.75148521495143,0
2026-03-18 13:23:20.047084,5,1.728529034657114,55.235442232210374,33.352502940379516,0
2026-03-18 14:23:20.047084,3,4.497952266885944,99.01718914295091,17.542298202714413,0
2026-03-18 15:23:20.047084,1,4.573309151752569,81.0637109963777,33.38337108259503,0
2026-03-18 16:23:20.047084,9,4.532325377768597,93.79604019919101,21.514449133912507,0
2026-03-18 17:23:20.047084,8,3.849979264857767,79.6104865645473,32.921184837922254,0
2026-03-18 18:23:20.047084,8,1.6691583385528572,81.44486264560781,10.392807018593073,0
2026-03-18 19:23:20.047084,1,2.7444102246065736,62.81215284246362,37.9128095967706,0
2026-03-18 20:23:20.047084,1,0.8063135932310994,69.26787330673183,46.162971567016875,0
2026-03-18 21:23:20.047084,8,0.8781117110565085,63.54168005668828,44.10647036668471,0
2026-03-18 22:23:20.047084,4,1.5807281332740664,96.2055317275202,38.32456513209051,0
2026-03-18 23:23:20.047084,4,0.5856092953511896,60.19867923662156,32.11942892730262,0
2026-03-19 00:23:20.047084,4,3.8125084792479087,91.04627579275083,12.410231071630552,0
